drug_name	smiles	canonical_smiles	designated_targets	other_targets	binding_type	binding_mode	clinical_phase	chembl_id	pubchem_cid
Abemaciclib	CCN1CCN(Cc2ccc(Nc3ncc(F)c(n3)c4cc(F)c5nc(C)n(C(C)C)c5c4)nc2)CC1	CCN1CCN(Cc2ccc(Nc3ncc(F)c(-c4cc(F)c5nc(C)n(C(C)C)c5c4)n3)nc2)CC1	CDK4,CDK6		0	reversible	Phase III	CHEMBL3301610	46220502.0
AC-480	Cc1c(NC(=O)OC[C@@H]2COCCN2)cn3ncnc(Nc4ccc5c(cnn5Cc6cccc(F)c6)c4)c13	Cc1c(NC(=O)OC[C@@H]2COCCN2)cn2ncnc(Nc3ccc4c(cnn4Cc4cccc(F)c4)c3)c12	EGFR,ERBB2	ERBB4	0	reversible	Phase I	CHEMBL1645462	10437018.0
ACTB-1003	FC(F)(F)C1=CC=C(F)C(NC(NC2=CC=C(C3=C(C(N)=NC=N4)N4C(CN5CCOCC5)=C3COC)C=C2F)=O)=C1	COCc1c(-c2ccc(NC(=O)Nc3cc(C(F)(F)F)ccc3F)c(F)c2)c2c(N)ncnn2c1CN1CCOCC1	FGFR1	KDR,TEK,RPS6KA1,RPS6KA2,RPS6KA3,RPS6KB1,RPS6KB2	0	reversible	Phase I		23653175.0
AEE-788	CCN1CCN(Cc2ccc(cc2)c3cc4c(N[C@H](C)c5ccccc5)ncnc4[nH]3)CC1	CCN1CCN(Cc2ccc(-c3cc4c(N[C@H](C)c5ccccc5)ncnc4[nH]3)cc2)CC1	EGFR,ERBB2	KDR,ABL1,SRC,FLT1,CSF1R,ERBB4,PDGFRB,FLT4,FLT3,RET,KIT	1	reversible	Phase I/II	CHEMBL587723	10297043.0
AEW-541	Nc1ncnc2c1c(cn2[C@@H]3C[C@H](C3)N4CCC4)c5cccc(OCc6ccccc6)c5	Nc1ncnc2c1c(-c1cccc(OCc3ccccc3)c1)cn2[C@H]1C[C@H](N2CCC2)C1	IGF1R,INSR	FLT3,TEK,FLT1	1	reversible	Phase I	CHEMBL551064	11476171.0
Afatinib	CN(C)C\C=C\C(=O)Nc1cc2c(Nc3ccc(F)c(Cl)c3)ncnc2cc1O[C@H]4CCOC4	CN(C)C/C=C/C(=O)Nc1cc2c(Nc3ccc(F)c(Cl)c3)ncnc2cc1O[C@H]1CCOC1	EGFR	ERBB2	1	covalent	approved	CHEMBL1173655	10184653.0
Alectinib	CCc1cc2C(=O)c3c([nH]c4cc(ccc34)C#N)C(C)(C)c2cc1N5CCC(CC5)N6CCOCC6	CCc1cc2c(cc1N1CCC(N3CCOCC3)CC1)C(C)(C)c1[nH]c3cc(C#N)ccc3c1C2=O	ALK	INSR	1	reversible	approved	CHEMBL1738797	49806720.0
Alisertib	COc1cccc(F)c1C2=NCc3cnc(Nc4ccc(C(=O)O)c(OC)c4)nc3c5ccc(Cl)cc25	COc1cc(Nc2ncc3c(n2)-c2ccc(Cl)cc2C(c2c(F)cccc2OC)=NC3)ccc1C(=O)O	AURKA	AURKB	0	reversible	Phase II	CHEMBL483158	24771867.0
Alvocidib	CN1CC[C@@H]([C@H](O)C1)c2c(O)cc(O)c3C(=O)C=C(Oc23)c4ccccc4Cl	CN1CC[C@H](c2c(O)cc(O)c3c(=O)cc(-c4ccccc4Cl)oc23)[C@H](O)C1	CDK1,CDK2,CDK4,CDK6	CDK7,EGFR,PRKACA,PRKACB,PRKACG	1	reversible	Phase II	CHEMBL428690	5287969.0
AMG-208	COc1ccc2c(OCc3nnc4ccc(nn34)c5ccccc5)ccnc2c1	COc1ccc2c(OCc3nnc4ccc(-c5ccccc5)nn34)ccnc2c1	MET		1	reversible	Phase I	CHEMBL496102	24864821.0
AMG-900	Cc1csc(c1)c2nnc(Nc3ccc(Oc4ncccc4c5ccnc(N)n5)cc3)c6ccccc26	Cc1csc(-c2nnc(Nc3ccc(Oc4ncccc4-c4ccnc(N)n4)cc3)c3ccccc23)c1	AURKA,AURKB,AURKC	MAPK14,TYK2,MAPK9,MET,TEK	2	reversible	Phase I	CHEMBL2140408	24856041.0
Amuvatinib	S=C(NCc1ccc2OCOc2c1)N3CCN(CC3)c4ncnc5c4oc6ccccc56	S=C(NCc1ccc2c(c1)OCO2)N1CCN(c2ncnc3c2oc2ccccc23)CC1	KIT,PDGFRA,FLT3		0	reversible	Phase II	CHEMBL2103851	11282283.0
Apatinib	O=C(Nc1ccc(cc1)C2(CCCC2)C#N)c3cccnc3NCc4ccncc4	N#CC1(c2ccc(NC(=O)c3cccnc3NCc3ccncc3)cc2)CCCC1	KDR	RET,KIT,SRC	2	reversible	approved	CHEMBL3186534	11315474.0
Apitolisib	C[C@H](O)C(=O)N1CCN(Cc2sc3c(nc(nc3c2C)c4cnc(N)nc4)N5CCOCC5)CC1	Cc1c(CN2CCN(C(=O)[C@H](C)O)CC2)sc2c(N3CCOCC3)nc(-c3cnc(N)nc3)nc12	PIK3CA,PIK3CB,PIK3CD,PIK3CG,MTOR		0	reversible	Phase II	CHEMBL1922094	25254071.0
ARRY-380	CC1=CC(NC2=C3C=C(NC4=NC(C)(C)CO4)C=CC3=NC=N2)=CC=C1OC5=CC6=NC=NN6C=C5	Cc1cc(Nc2ncnc3ccc(NC4=NC(C)(C)CO4)cc23)ccc1Oc1ccn2ncnc2c1	ERBB2	EGFR	0	reversible	Phase I	CHEMBL3545380	51039094.0
ASP-3026	COc1cc(ccc1Nc2ncnc(Nc3ccccc3S(=O)(=O)C(C)C)n2)N4CCC(CC4)N5CCN(C)CC5	COc1cc(N2CCC(N3CCN(C)CC3)CC2)ccc1Nc1ncnc(Nc2ccccc2S(=O)(=O)C(C)C)n1	ALK		0	reversible	Phase I	CHEMBL3545360	25134326.0
AT-13148	NC[C@@](O)(c1ccc(Cl)cc1)c2ccc(cc2)c3cn[nH]c3	NC[C@@](O)(c1ccc(Cl)cc1)c1ccc(-c2cn[nH]c2)cc1	AKT1,AKT2,AKT3,RPS6KB1,RPS6KB2,PRKACA,PRKACB,PRKACG,ROCK1,ROCK2	SGK3,RPS6KA1,CHEK2	0	reversible	Phase I	CHEMBL3544960	24905401.0
AT-7519	Clc1cccc(Cl)c1C(=O)Nc2c[nH]nc2C(=O)NC3CCNCC3	O=C(NC1CCNCC1)c1n[nH]cc1NC(=O)c1c(Cl)cccc1Cl	CDK1,CDK2,CDK4,CDK5,CDK6,CDK9,CDK3	CDK7,GSK3B	1	reversible	Phase II	CHEMBL445813	11338033.0
AT-9283	O=C(NC1CC1)Nc2c[nH]nc2c3nc4cc(CN5CCOCC5)ccc4[nH]3	O=C(Nc1c[nH]nc1-c1nc2cc(CN3CCOCC3)ccc2[nH]1)NC1CC1	JAK2,JAK3	AURKA,AURKB,ABL1,GSK3B,FGFR2,FLT4,MERTK,RET,RPS6KA3,RPS6KA2,TYK2,YES,STK17A,FGFR1,FGFR3,FLT1,FLT3,PDGFRA,PDPK1,PRKD1,RPS6KA6,SRC,KDR	1	reversible	Phase II	CHEMBL495727	11496629.0
AV-412	CN1CCN(CC1)C(C)(C)C#Cc2cc3ncnc(Nc4ccc(F)c(Cl)c4)c3cc2NC(=O)C=C	C=CC(=O)Nc1cc2c(Nc3ccc(F)c(Cl)c3)ncnc2cc1C#CC(C)(C)N1CCN(C)CC1	EGFR,ERBB2		0	covalent	Phase I	CHEMBL2138625	9806229.0
Axitinib	CNC(=O)c1ccccc1Sc2ccc3c(\C=C\c4ccccn4)n[nH]c3c2	CNC(=O)c1ccccc1Sc1ccc2c(/C=C/c3ccccn3)n[nH]c2c1	FLT1,KDR,FLT4	PDGFRB,KIT,PDGFRA,CSF1R	2	reversible	approved	CHEMBL1289926	6450551.0
AXL-1717	COc1cc(cc(OC)c1OC)[C@H]2[C@H]3[C@H](COC3=O)[C@@H](O)c4cc5OCOc5cc24	COc1cc([C@@H]2c3cc4c(cc3[C@H](O)[C@H]3COC(=O)[C@@H]23)OCO4)cc(OC)c1OC	IGF1R	INSR,FGFR1,FGFR2,FGFR3,FGFR4,PDGFRA,PDGFRB,EGFR	0	reversible	Phase II	CHEMBL283120	72435.0
AZD-1208	N[C@@H]1CCCN(C1)c2c(\C=C\3/SC(=O)NC3=O)cccc2c4ccccc4	N[C@@H]1CCCN(c2c(/C=C3\SC(=O)NC3=O)cccc2-c2ccccc2)C1	PIM1,PIM2,PIM3		0	reversible	Phase I	CHEMBL2048872	58423153.0
AZD-1480	C[C@H](Nc1ncc(Cl)c(Nc2cc(C)n[nH]2)n1)c3ncc(F)cn3	Cc1cc(Nc2nc(N[C@@H](C)c3ncc(F)cn3)ncc2Cl)[nH]n1	JAK2	JAK3,TYK2,JAK1	1	reversible	Phase I	CHEMBL1231124	16659841.0
AZD-2014	CNC(=O)c1cccc(c1)c2ccc3c(nc(nc3n2)N4CCOC[C@@H]4C)N5CCOC[C@@H]5C	CNC(=O)c1cccc(-c2ccc3c(N4CCOC[C@@H]4C)nc(N4CCOC[C@@H]4C)nc3n2)c1	MTOR	PIK3CA,PIK3CB,PIK3CD,PIK3CG	0	reversible	Phase II	CHEMBL2336325	25262792.0
AZD-4547	COc1cc(CCc2cc(NC(=O)c3ccc(cc3)N4CC(C)NC(C)C4)n[nH]2)cc(OC)c1	COc1cc(CCc2cc(NC(=O)c3ccc(N4CC(C)NC(C)C4)cc3)n[nH]2)cc(OC)c1	FGFR1,FGFR2,FGFR3	KDR,IGF1R	1	reversible	Phase II/III	CHEMBL3184679	57430866.0
AZD-5363	NC1(CCN(CC1)c2ncnc3[nH]ccc23)C(=O)N[C@@H](CCO)c4ccc(Cl)cc4	NC1(C(=O)N[C@@H](CCO)c2ccc(Cl)cc2)CCN(c2ncnc3[nH]ccc23)CC1	AKT1,AKT2,AKT3	RPS6KB1,RPS6KB2,PRKACA,PRKACB,PRKACG,ROCK1,ROCK2	1	reversible	Phase II	CHEMBL2325741	25227436.0
AZD-5438	CC(C)n1c(C)ncc1c2ccnc(Nc3ccc(cc3)S(=O)(=O)C)n2	Cc1ncc(-c2ccnc(Nc3ccc(S(C)(=O)=O)cc3)n2)n1C(C)C	CDK1,CDK2,CDK9	CDK5,CDK6,GSK3B	0	reversible	Phase I	CHEMBL488436	16747683.0
AZD-6482	C[C@@H](Nc1ccccc1C(=O)O)C2=CC(=CN3C(=O)C=C(N=C23)N4CCOCC4)C	Cc1cc([C@@H](C)Nc2ccccc2C(=O)O)c2nc(N3CCOCC3)cc(=O)n2c1	PIK3CB	PIK3CA,PIK3CD,PIK3CG,PRKDC	0	reversible	Phase I	CHEMBL2165191	44137675.0
AZD-7762	NC(=O)Nc1cc(sc1C(=O)N[C@H]2CCCNC2)c3cccc(F)c3	NC(=O)Nc1cc(-c2cccc(F)c2)sc1C(=O)N[C@H]1CCCNC1	CHEK1	CHEK2,YES,FYN,LYN,HCK,LCK	1	reversible	Phase I	CHEMBL2041933	11152667.0
AZD-8055	COc1ccc(cc1CO)c2ccc3c(nc(nc3n2)N4CCOC[C@@H]4C)N5CCOC[C@@H]5C	COc1ccc(-c2ccc3c(N4CCOC[C@@H]4C)nc(N4CCOC[C@@H]4C)nc3n2)cc1CO	MTOR		0	reversible	Phase I	CHEMBL1801204	25262965.0
AZD-8186	C[C@H](C1=C2C(=CC(=C1)C(=O)N(C)C)C(=O)C=C(O2)N3CCOCC3)NC4=CC(=CC(=C4)F)F	C[C@@H](Nc1cc(F)cc(F)c1)c1cc(C(=O)N(C)C)cc2c(=O)cc(N3CCOCC3)oc12	PIK3CB,PIK3CD	PIK3CA,PIK3CG	0	reversible	Phase I	CHEMBL3545424	52913813.0
AZD-8330	CN1C(=O)C(=CC(=C1Nc2ccc(I)cc2F)C(=O)NOCCO)C	Cc1cc(C(=O)NOCCO)c(Nc2ccc(I)cc2F)n(C)c1=O	MAP2K1,MAP2K2		3	reversible	Phase I	CHEMBL3182621	16666708.0
Bafetinib	CN(C)[C@H]1CCN(Cc2ccc(cc2C(F)(F)F)C(=O)Nc3ccc(C)c(Nc4nccc(n4)c5cncnc5)c3)C1	Cc1ccc(NC(=O)c2ccc(CN3CC[C@H](N(C)C)C3)c(C(F)(F)F)c2)cc1Nc1nccc(-c2cncnc2)n1	ABL1,LYN	PDGFRA,PDGFRB,KIT	2	reversible	Phase II	CHEMBL206834	11387605.0
Barasertib	CCN(CCCOc1ccc2c(Nc3cc(CC(=O)Nc4cccc(F)c4)[nH]n3)ncnc2c1)CCOP(=O)(O)O	CCN(CCCOc1ccc2c(Nc3cc(CC(=O)Nc4cccc(F)c4)[nH]n3)ncnc2c1)CCOP(=O)(O)O	AURKB		2	reversible	Phase II/III	CHEMBL415049	11497983.0
Barasertib_HQPA	CCN(CCO)CCCOc1ccc2c(Nc3cc(CC(=O)Nc4cccc(F)c4)[nH]n3)ncnc2c1	CCN(CCO)CCCOc1ccc2c(Nc3cc(CC(=O)Nc4cccc(F)c4)[nH]n3)ncnc2c1	AURKB		2	reversible	Phase III	CHEMBL215152	16007391.0
Baricitinib	CCS(=O)(=O)N1CC(CC#N)(C1)n2cc(cn2)c3ncnc4[nH]ccc34	CCS(=O)(=O)N1CC(CC#N)(n2cc(-c3ncnc4[nH]ccc34)cn2)C1	JAK1,JAK2	JAK3,TYK2	1	reversible	Phase III	CHEMBL2105759	44205240.0
BGT-226	COc1ccc(cn1)c2ccc3ncc4N(C)C(=O)N(c5ccc(N6CCNCC6)c(c5)C(F)(F)F)c4c3c2	COc1ccc(-c2ccc3ncc4c(c3c2)n(-c2ccc(N3CCNCC3)c(C(F)(F)F)c2)c(=O)n4C)cn1	PIK3CA,PIK3CB,PIK3CG,MTOR		0	reversible	Phase I/II	CHEMBL3218578	11978790.0
BI-2536	CC[C@H]1N(C2CCCC2)c3nc(Nc4ccc(cc4OC)C(=O)NC5CCN(C)CC5)ncc3N(C)C1=O	CC[C@@H]1C(=O)N(C)c2cnc(Nc3ccc(C(=O)NC4CCN(C)CC4)cc3OC)nc2N1C1CCCC1	PLK1	PLK2,PLK3	1	reversible	Phase II	CHEMBL513909	11364421.0
BI-847325	CCNC(=O)C#CC1=CC2=C(C=C1)/C(=C(\C3=CC=CC=C3)/NC4=CC=C(C=C4)CN(C)C)/C(=O)N2	CCNC(=O)C#Cc1ccc2c(c1)NC(=O)/C2=C(\Nc1ccc(CN(C)C)cc1)c1ccccc1	MAP2K1,MAP2K2,AURKA,AURKB,AURKC		0	reversible	Phase I		54577344.0
Binimetinib	Cn1cnc2c(F)c(Nc3ccc(Br)cc3F)c(cc12)C(=O)NOCCO	Cn1cnc2c(F)c(Nc3ccc(Br)cc3F)c(C(=O)NOCCO)cc21	MAP2K1,MAP2K2		3	reversible	Phase II	CHEMBL3187723	10288191.0
BMS-387032	CC(C)(C)c1oc(CSc2cnc(NC(=O)C3CCNCC3)s2)nc1	CC(C)(C)c1cnc(CSc2cnc(NC(=O)C3CCNCC3)s2)o1	CDK2,CDK7,CDK9	CDK1,CDK4,CDK6,GSK3A,CDK5,GSK3B	1	reversible	Phase I	CHEMBL296468	3025986.0
BMS-690514	COc1cccc(Nc2ncnn3ccc(CN4CC[C@@H](N)[C@H](O)C4)c23)c1	COc1cccc(Nc2ncnn3ccc(CN4CC[C@@H](N)[C@H](O)C4)c23)c1	EGFR,ERBB2,ERBB4,FLT1,KDR,FLT4		0	reversible	Phase II	CHEMBL3545396	11349170.0
BMS-754807	C[C@]1(CCCN1c2nc(Nc3cc([nH]n3)C4CC4)c5cccn5n2)C(=O)Nc6ccc(F)nc6	C[C@@]1(C(=O)Nc2ccc(F)nc2)CCCN1c1nc(Nc2cc(C3CC3)[nH]n2)c2cccn2n1	IGF1R,INSR	MET,AURKA,AURKB,NTRK1,NTRK2,MST1R,FLT3,JAK2,GSK3B,CDK2,MAPKAPK2	1	reversible	Phase II	CHEMBL575448	24785538.0
BMS-777607	CCOC1=C(C(=O)Nc2ccc(Oc3ccnc(N)c3Cl)c(F)c2)C(=O)N(C=C1)c4ccc(F)cc4	CCOc1ccn(-c2ccc(F)cc2)c(=O)c1C(=O)Nc1ccc(Oc2ccnc(N)c2Cl)c(F)c1	MET,AXL,MST1R,TYRO3	LCK,KDR,NTRK1,NTRK2,MERTK,FLT3,AURKB,PRKACA,PRKACB,PRKACG	2	reversible	Phase I/II	CHEMBL460702	24794418.0
BMS-911543	CCn1c(cc2c1nc(Nc3cc(C)n(C)n3)c4ncn(C)c24)C(=O)N(C5CC5)C6CC6	CCn1c(C(=O)N(C2CC2)C2CC2)cc2c3c(ncn3C)c(Nc3cc(C)n(C)n3)nc21	JAK2	JAK1,JAK3,LYN,CSF1R	1	reversible	Phase I/II	CHEMBL3545215	50922691.0
Bosutinib	COc1cc(Nc2c(cnc3cc(OCCCN4CCN(C)CC4)c(OC)cc23)C#N)c(Cl)cc1Cl	COc1cc(Nc2c(C#N)cnc3cc(OCCCN4CCN(C)CC4)c(OC)cc23)c(Cl)cc1Cl	SRC,ABL1		1	reversible	approved	CHEMBL288441	5328940.0
Brivanib	C[C@@H](O)COc1cn2ncnc(Oc3ccc4[nH]c(C)cc4c3F)c2c1C	Cc1cc2c(F)c(Oc3ncnn4cc(OC[C@@H](C)O)c(C)c34)ccc2[nH]1	KDR	FGFR1,FLT1	1	reversible	Phase III	CHEMBL377300	11234052.0
Brivanib_alaninate	C[C@H](COc1cn2ncnc(Oc3ccc4[nH]c(C)cc4c3F)c2c1C)OC(=O)[C@H](C)N	Cc1cc2c(F)c(Oc3ncnn4cc(OC[C@@H](C)OC(=O)[C@H](C)N)c(C)c34)ccc2[nH]1	KDR	FGFR1,FLT1	1	reversible	Phase III	CHEMBL270995	11154925.0
Buparlisib	Nc1cc(c(cn1)c2cc(nc(n2)N3CCOCC3)N4CCOCC4)C(F)(F)F	Nc1cc(C(F)(F)F)c(-c2cc(N3CCOCC3)nc(N3CCOCC3)n2)cn1	PIK3CA,PIK3CB,PIK3CD,PIK3CG		0	reversible	Phase III	CHEMBL2017974	16654980.0
BYL-719	Cc1nc(NC(=O)N2CCC[C@H]2C(=O)N)sc1c3ccnc(c3)C(C)(C)C(F)(F)F	Cc1nc(NC(=O)N2CCC[C@H]2C(N)=O)sc1-c1ccnc(C(C)(C)C(F)(F)F)c1	PIK3CA	PIK3CB,PIK3CD,PIK3CG	0	reversible	Phase II	CHEMBL2396661	56649450.0
Cabozantinib	COc1cc2nccc(Oc3ccc(NC(=O)C4(CC4)C(=O)Nc5ccc(F)cc5)cc3)c2cc1OC	COc1cc2nccc(Oc3ccc(NC(=O)C4(C(=O)Nc5ccc(F)cc5)CC4)cc3)c2cc1OC	KDR	MET,KIT,FLT1,FLT3,FLT4,AXL,TEK,MST1R,PDGFRB,FGFR1	2	reversible	approved	CHEMBL2105717	25102847.0
Canertinib	Fc1ccc(Nc2ncnc3cc(OCCCN4CCOCC4)c(NC(=O)C=C)cc23)cc1Cl	C=CC(=O)Nc1cc2c(Nc3ccc(F)c(Cl)c3)ncnc2cc1OCCCN1CCOCC1	EGFR,ERBB2		1	covalent	Phase II	CHEMBL31965	156414.0
Capmatinib	CNC(=O)c1ccc(cc1F)c2cnc3ncc(Cc4ccc5ncccc5c4)n3n2	CNC(=O)c1ccc(-c2cnc3ncc(Cc4ccc5ncccc5c4)n3n2)cc1F	MET		0	reversible	Phase II	CHEMBL3188267	25145656.0
CC-401	C(CN1CCCCC1)Oc2cccc(c2)c3n[nH]c4ccc(cc34)c5nnc[nH]5	c1cc(OCCN2CCCCC2)cc(-c2n[nH]c3ccc(-c4nnc[nH]4)cc23)c1	MAPK8,MAPK9,MAPK10		0	reversible	Phase I	CHEMBL1614713	10430360.0
Cediranib	COc1cc2c(Oc3ccc4[nH]c(C)cc4c3F)ncnc2cc1OCCCN5CCCC5	COc1cc2c(Oc3ccc4[nH]c(C)cc4c3F)ncnc2cc1OCCCN1CCCC1	KDR	KIT,FLT1,FLT4,PDGFRB,FGFR1,PDGFRA,CSF1R,SRC,ABL1	1	reversible	Phase III	CHEMBL491473	9933475.0
CEP-32496	COc1cc2ncnc(Oc3cccc(NC(=O)Nc4cc(on4)C(C)(C)C(F)(F)F)c3)c2cc1OC	COc1cc2ncnc(Oc3cccc(NC(=O)Nc4cc(C(C)(C)C(F)(F)F)on4)c3)c2cc1OC	BRAF,CRAF	KIT,LCK,PDGFRB,ABL1,RET,KDR,CSF1R,EPHA2,EGFR,MET	0	reversible	Phase I/II	CHEMBL2029988	56846693.0
Cerdulatinib	CCS(=O)(=O)N1CCN(CC1)C2=CC=C(C=C2)NC3=NC=C(C(=N3)NC4CC4)C(=O)N.Cl	CCS(=O)(=O)N1CCN(c2ccc(Nc3ncc(C(N)=O)c(NC4CC4)n3)cc2)CC1.Cl	JAK1,JAK2,JAK3,TYK2,SYK	STK4,NUAK1,MAP3K9,CSF1R,PRKAA1,PRKAA2,JAK2,JAK3,TBK1,MARK1,JAK1,MARK2,TSSK1B,TSSK2,TSSK3,TSSK4,TSSK6,STK3,MAPK10,RPS6KA3,RPS6KA6,SYK,CHEK1,FLT4,FLT3,RET,ITK	0	reversible	Phase I	CHEMBL3545284	44595079.0
Ceritinib	CC(C)Oc1cc(C2CCNCC2)c(C)cc1Nc3ncc(Cl)c(Nc4ccccc4S(=O)(=O)C(C)C)n3	Cc1cc(Nc2ncc(Cl)c(Nc3ccccc3S(=O)(=O)C(C)C)n2)c(OC(C)C)cc1C1CCNCC1	ALK	IGF1R,INSR,TSSK1B,TSSK3,FLT3,FGFR2,RET,FGFR3,LCK,JAK2,AURKA,LYN,EGFR,FGFR4	1	reversible	approved	CHEMBL2403108	57379345.0
Certican	CO[C@@H]1C[C@H](C[C@@H](C)[C@@H]2CC(=O)[C@H](C)\C=C(/C)\[C@@H](O)[C@@H](OC)C(=O)[C@H](C)C[C@H](C)\C=C\C=C\C=C(/C)\[C@H](C[C@@H]3CC[C@@H](C)[C@@](O)(O3)C(=O)C(=O)N4CCCC[C@H]4C(=O)O2)OC)CC[C@H]1OCCO	CO[C@H]1C[C@@H]2CC[C@@H](C)[C@@](O)(O2)C(=O)C(=O)N2CCCC[C@H]2C(=O)O[C@H]([C@H](C)C[C@@H]2CC[C@@H](OCCO)[C@H](OC)C2)CC(=O)[C@H](C)/C=C(\C)[C@@H](O)[C@@H](OC)C(=O)[C@H](C)C[C@H](C)/C=C/C=C/C=C/1C	MTOR		0	reversible	approved	CHEMBL1908360	6442177.0
CH-5183284	CC1=NC2=C(N1)C=C(C=C2)N3C(=C(C=N3)C(=O)C4=CC5=CC=CC=C5N4)N	Cc1nc2ccc(-n3ncc(C(=O)c4cc5ccccc5[nH]4)c3N)cc2[nH]1	FGFR1,FGFR2,FGFR3,FGFR4		1	reversible	Phase I		66555680.0
Cobimetinib	OC1(CN(C1)C(=O)c2ccc(F)c(F)c2Nc3ccc(I)cc3F)[C@@H]4CCCCN4	O=C(c1ccc(F)c(F)c1Nc1ccc(I)cc1F)N1CC(O)([C@@H]2CCCCN2)C1	MAP2K1		3	reversible	approved	CHEMBL2146883	16222096.0
Copanlisib	COc1c(OCCCN2CCOCC2)ccc3C4=NCCN4C(=Nc13)NC(=O)c5cnc(N)nc5	COc1c(OCCCN2CCOCC2)ccc2c1N=C(NC(=O)c1cnc(N)nc1)N1CCN=C21	PIK3CA,PIK3CB,PIK3CD,PIK3CG		0	reversible	Phase I	CHEMBL3218576	24989044.0
CP-547632	NC(=O)c1c(NC(=O)NCCCCN2CCCC2)snc1OCc3c(F)cc(Br)cc3F	NC(=O)c1c(OCc2c(F)cc(Br)cc2F)nsc1NC(=O)NCCCCN1CCCC1	KDR,FGFR1	EGFR,PDGFRB	0	reversible	Phase II	CHEMBL253969	9811611.0
CP-724714	COCC(=O)NC\C=C\c1ccc2ncnc(Nc3ccc(Oc4ccc(C)nc4)c(C)c3)c2c1	COCC(=O)NC/C=C/c1ccc2ncnc(Nc3ccc(Oc4ccc(C)nc4)c(C)c3)c2c1	ERBB2	EGFR,INSR,IGF1R,PDGFRA,PDGFRB,KDR,ABL1,SRC,MET,MAPK9,MAPK10,ZAP70,CDK2,CDK5	0	reversible	Phase II	CHEMBL483321	9874913.0
Crenolanib	CC1(COc2ccc3c(c2)ncn3c4ccc5cccc(N6CCC(N)CC6)c5n4)COC1	CC1(COc2ccc3c(c2)ncn3-c2ccc3cccc(N4CCC(N)CC4)c3n2)COC1	PDGFRA,PDGFRB	KIT,KDR,TEK,FGFR2,EGFR,ERBB2,SRC,FLT3	0	reversible	Phase III	CHEMBL2105728	10366136.0
Crizotinib	C[C@@H](Oc1cc(cnc1N)c2cnn(c2)C3CCNCC3)c4c(Cl)ccc(F)c4Cl	C[C@@H](Oc1cc(-c2cnn(C3CCNCC3)c2)cnc1N)c1c(Cl)ccc(F)c1Cl	MET,ALK		1	reversible	approved	CHEMBL601719	11626560.0
CUDC-101	COc1cc2ncnc(Nc3cccc(c3)C#C)c2cc1OCCCCCCC(=O)NO	C#Cc1cccc(Nc2ncnc3cc(OC)c(OCCCCCCC(=O)NO)cc23)c1	EGFR,ERBB2		0	reversible	Phase I	CHEMBL598797	24756910.0
Cyc-116	Cc1nc(N)sc1c2ccnc(Nc3ccc(cc3)N4CCOCC4)n2	Cc1nc(N)sc1-c1ccnc(Nc2ccc(N3CCOCC3)cc2)n1	AURKA,AURKB	KDR,FLT3,CDK2,CDK9,RPS6KB1,RPS6KB2,SRC	1	reversible	Phase I	CHEMBL482967	6420138.0
Dabrafenib	CC(C)(C)c1nc(c2cccc(NS(=O)(=O)c3c(F)cccc3F)c2F)c(s1)c4ccnc(N)n4	CC(C)(C)c1nc(-c2cccc(NS(=O)(=O)c3c(F)cccc3F)c2F)c(-c2ccnc(N)n2)s1	BRAF	CRAF	1	reversible	approved	CHEMBL2028663	44462760.0
Dacomitinib	COc1cc2ncnc(Nc3ccc(F)c(Cl)c3)c2cc1NC(=O)\C=C\CN4CCCCC4	COc1cc2ncnc(Nc3ccc(F)c(Cl)c3)c2cc1NC(=O)/C=C/CN1CCCCC1	EGFR	ERBB2,ERBB4	1	covalent	Phase III	CHEMBL2110732	11511120.0
Dactolisib	CN1C(=O)N(c2ccc(cc2)C(C)(C)C#N)c3c1cnc4ccc(cc34)c5cnc6ccccc6c5	Cn1c(=O)n(-c2ccc(C(C)(C)C#N)cc2)c2c3cc(-c4cnc5ccccc5c4)ccc3ncc21	PIK3CA,PIK3CB,PIK3CD,PIK3CG,MTOR	ATR	0	reversible	Phase II	CHEMBL1879463	11977753.0
Danusertib	CO[C@@H](C(=O)N1Cc2n[nH]c(NC(=O)c3ccc(cc3)N4CCN(C)CC4)c2C1)c5ccccc5	CO[C@@H](C(=O)N1Cc2n[nH]c(NC(=O)c3ccc(N4CCN(C)CC4)cc3)c2C1)c1ccccc1	AURKA,AURKB,AURKC	ABL1,NTRK1,RET,FGFR1,LCK,KDR,FLT4,KIT,CDK2	1	reversible	Phase II	CHEMBL402548	11442891.0
Dasatinib	Cc1nc(Nc2ncc(s2)C(=O)Nc3c(C)cccc3Cl)cc(n1)N4CCN(CCO)CC4	Cc1nc(Nc2ncc(C(=O)Nc3c(C)cccc3Cl)s2)cc(N2CCN(CCO)CC2)n1	ABL1,SRC	KIT	1	reversible	approved	CHEMBL1421	3062316.0
Decernotinib	CC[C@@](C)(Nc1ccnc(n1)c2c[nH]c3ncccc23)C(=O)NCC(F)(F)F	CC[C@@](C)(Nc1ccnc(-c2c[nH]c3ncccc23)n1)C(=O)NCC(F)(F)F	JAK3	JAK1,JAK2,TYK2	1	reversible	Phase I	CHEMBL3039513	59422203.0
Defactinib	CNC(=O)c1ccc(Nc2ncc(c(NCc3nccnc3N(C)S(=O)(=O)C)n2)C(F)(F)F)cc1	CNC(=O)c1ccc(Nc2ncc(C(F)(F)F)c(NCc3nccnc3N(C)S(C)(=O)=O)n2)cc1	PTK2		0	reversible	Phase II	CHEMBL3137331	25117126.0
Deforolimus	CO[C@@H]1C[C@H](C[C@@H](C)[C@@H]2CC(=O)[C@H](C)\C=C(/C)\[C@@H](O)[C@@H](OC)C(=O)[C@H](C)C[C@H](C)\C=C\C=C\C=C(/C)\[C@H](C[C@@H]3CC[C@@H](C)[C@@](O)(O3)C(=O)C(=O)N4CCCC[C@H]4C(=O)O2)OC)CC[C@H]1OP(=O)(C)C	CO[C@H]1C[C@@H]2CC[C@@H](C)[C@@](O)(O2)C(=O)C(=O)N2CCCC[C@H]2C(=O)O[C@H]([C@H](C)C[C@@H]2CC[C@@H](OP(C)(C)=O)[C@H](OC)C2)CC(=O)[C@H](C)/C=C(\C)[C@@H](O)[C@@H](OC)C(=O)[C@H](C)C[C@H](C)/C=C/C=C/C=C/1C	MTOR		0	reversible	Phase III	CHEMBL2103839	11520894.0
Dinaciclib	CCc1cnn2c(NCc3ccc[n+]([O-])c3)cc(nc12)N4CCCC[C@H]4CCO	CCc1cnn2c(NCc3ccc[n+]([O-])c3)cc(N3CCCC[C@H]3CCO)nc12	CDK2,CDK5,CDK1,CDK9		1	reversible	Phase III	CHEMBL2103840	46926350.0
Dovitinib	CN1CCN(CC1)c2ccc3nc([nH]c3c2)C4=C(N)c5c(F)cccc5NC4=O	CN1CCN(c2ccc3nc(-c4c(N)c5c(F)cccc5[nH]c4=O)[nH]c3c2)CC1	FLT3,KIT	INSR,EGFR,MET,EPHA2,TEK,IGF1R,ERBB2,FGFR1,FGFR3,FLT1,KDR,FLT4,PDGFRB,CSF1R,PDGFRA	1	reversible	Phase III	CHEMBL522892	9886808.0
Encorafenib	COC(=O)N[C@@H](C)CNc1nccc(n1)c2cn(nc2c3cc(Cl)cc(NS(=O)(=O)C)c3F)C(C)C	COC(=O)N[C@@H](C)CNc1nccc(-c2cn(C(C)C)nc2-c2cc(Cl)cc(NS(C)(=O)=O)c2F)n1	BRAF		0	reversible	Phase II	CHEMBL3301612	50922675.0
ENMD-2076	CN1CCN(CC1)c2cc(Nc3cc(C)[nH]n3)nc(\C=C\c4ccccc4)n2	Cc1cc(Nc2cc(N3CCN(C)CC3)nc(/C=C/c3ccccc3)n2)n[nH]1	AURKA,FLT3	RET,AURKB,KDR,FLT4,FGFR1,FGFR2,SRC,NTRK1,CSF1R,LCK,PTK2,PDGFRA,BLK,YES1,ABL1,FYN,JAK2,KIT	0	reversible	Phase II	CHEMBL482968	16041424.0
Entrectinib	CN1CCN(CC1)c2ccc(C(=O)Nc3n[nH]c4ccc(Cc5cc(F)cc(F)c5)cc34)c(NC6CCOCC6)c2	CN1CCN(c2ccc(C(=O)Nc3n[nH]c4ccc(Cc5cc(F)cc(F)c5)cc34)c(NC3CCOCC3)c2)CC1	NTRK1,NTRK2,NTRK3,ROS1,ALK		1	reversible	Phase I	CHEMBL1983268	25141092.0
Enzastaurin	Cn1cc(C2=C(C(=O)NC2=O)c3cn(C4CCN(Cc5ccccn5)CC4)c6ccccc36)c7ccccc17	Cn1cc(C2=C(c3cn(C4CCN(Cc5ccccn5)CC4)c4ccccc34)C(=O)NC2=O)c2ccccc21	PRKCB	PRKCA,PRKCG,PRKCE	0	reversible	Phase III	CHEMBL300138	176167.0
Erlotinib	COCCOc1cc2ncnc(Nc3cccc(c3)C#C)c2cc1OCCOC	C#Cc1cccc(Nc2ncnc3cc(OCCOC)c(OCCOC)cc23)c1	EGFR		1	reversible	approved	CHEMBL553	176870.0
Fasudil	O=S(=O)(N1CCCNCC1)c2cccc3cnccc23	O=S(=O)(c1cccc2cnccc12)N1CCCNCC1	ROCK2,PRKACA,PRKACB,PRKACG,PRKCA,PRKCB,PRKCZ,PRKCH,PRKCG,PRKCD,PRKCI,PRKCE,PRKG1,PRKG2,MYLK		1	reversible	approved	CHEMBL38380	3547.0
Fedratinib	Cc1cnc(Nc2ccc(OCCN3CCCC3)cc2)nc1Nc4cccc(c4)S(=O)(=O)NC(C)(C)C	Cc1cnc(Nc2ccc(OCCN3CCCC3)cc2)nc1Nc1cccc(S(=O)(=O)NC(C)(C)C)c1	JAK2	JAK1,JAK3,FLT3,RET	1	reversible	Phase I	CHEMBL1287853	16722836.0
Filgotinib	O=C(Nc1nc2cccc(c3ccc(CN4CCS(=O)(=O)CC4)cc3)n2n1)C5CC5	O=C(Nc1nc2cccc(-c3ccc(CN4CCS(=O)(=O)CC4)cc3)n2n1)C1CC1	JAK1	JAK2,JAK3,TYK2	1	reversible	Phase II	CHEMBL3301607	49831257.0
Foretinib	COc1cc2c(Oc3ccc(NC(=O)C4(CC4)C(=O)Nc5ccc(F)cc5)cc3F)ccnc2cc1OCCCN6CCOCC6	COc1cc2c(Oc3ccc(NC(=O)C4(C(=O)Nc5ccc(F)cc5)CC4)cc3F)ccnc2cc1OCCCN1CCOCC1	MET,KDR	MST1R,FLT1,FLT3,FLT4,KIT,PDGFRA,PDGFRB,TEK,FGFR1	2	reversible	Phase II	CHEMBL1230609	42642645.0
Fostamatinib	COc1cc(Nc2ncc(F)c(Nc3ccc4OC(C)(C)C(=O)N(COP(=O)(O)O)c4n3)n2)cc(OC)c1OC	COc1cc(Nc2ncc(F)c(Nc3ccc4c(n3)N(COP(=O)(O)O)C(=O)C(C)(C)O4)n2)cc(OC)c1OC	SYK	FLT3	0	reversible	Phase III	CHEMBL2103830	11671467.0
Galunisertib	Cc1cccc(n1)c2nn3CCCc3c2c4ccnc5ccc(cc45)C(=O)N	Cc1cccc(-c2nn3c(c2-c2ccnc4ccc(C(N)=O)cc24)CCC3)n1	TGFBR1		0	reversible	Phase II/III	CHEMBL2364611	10090485.0
GDC-0994	Cn1nccc1Nc2nccc(n2)C3=CC(=O)N(C=C3)[C@H](CO)c4ccc(Cl)c(F)c4	Cn1nccc1Nc1nccc(-c2ccn([C@H](CO)c3ccc(Cl)c(F)c3)c(=O)c2)n1	MAPK3,MAPK1		1	reversible	Phase I	CHEMBL3544964	71727581.0
Gedatolisib	CN(C)C1CCN(CC1)C(=O)c2ccc(NC(=O)Nc3ccc(cc3)c4nc(nc(n4)N5CCOCC5)N6CCOCC6)cc2	CN(C)C1CCN(C(=O)c2ccc(NC(=O)Nc3ccc(-c4nc(N5CCOCC5)nc(N5CCOCC5)n4)cc3)cc2)CC1	PIK3CA,PIK3CG,MTOR		0	reversible	Phase II	CHEMBL592445	44516953.0
Gefitinib	COc1cc2ncnc(Nc3ccc(F)c(Cl)c3)c2cc1OCCCN4CCOCC4	COc1cc2ncnc(Nc3ccc(F)c(Cl)c3)c2cc1OCCCN1CCOCC1	EGFR		1	reversible	approved	CHEMBL939	123631.0
Gilteritinib	CCc1nc(C(=O)N)c(Nc2ccc(N3CCC(CC3)N4CCN(C)CC4)c(OC)c2)nc1NC5CCOCC5	CCc1nc(C(N)=O)c(Nc2ccc(N3CCC(N4CCN(C)CC4)CC3)c(OC)c2)nc1NC1CCOCC1	FLT3,AXL		0	reversible	Phase III	CHEMBL3301622	49803313.0
Golvatinib	CN1CCN(CC1)C2CCN(CC2)C(=O)Nc3cc(Oc4ccc(NC(=O)C5(CC5)C(=O)Nc6ccc(F)cc6)c(F)c4)ccn3	CN1CCN(C2CCN(C(=O)Nc3cc(Oc4ccc(NC(=O)C5(C(=O)Nc6ccc(F)cc6)CC5)c(F)c4)ccn3)CC2)CC1	MET,KDR		2	reversible	Phase I/II	CHEMBL3039525	16118392.0
GSK-1059615	O=C1NC(=O)\C(=C\c2ccc3nccc(c4ccncc4)c3c2)\S1	O=C1NC(=O)/C(=C/c2ccc3nccc(-c4ccncc4)c3c2)S1	PIK3CA,PIK3CB,PIK3CD,PIK3CG,MTOR		0	reversible	Phase I	CHEMBL3544966	23582824.0
GSK-1070916	CCn1cc(c2ccnc3[nH]c(cc23)c4cccc(CN(C)C)c4)c(n1)c5ccc(NC(=O)N(C)C)cc5	CCn1cc(-c2ccnc3[nH]c(-c4cccc(CN(C)C)c4)cc23)c(-c2ccc(NC(=O)N(C)C)cc2)n1	AURKB,AURKC	AURKA,FLT1,TEK,SIK1,FLT4,FGFR1	0	reversible	Phase I	CHEMBL1090479	46885626.0
GSK-2110183	Cn1ncc(Cl)c1c2cc(sc2Cl)C(=O)N[C@H](CN)Cc3cccc(F)c3	Cn1ncc(Cl)c1-c1cc(C(=O)N[C@H](CN)Cc2cccc(F)c2)sc1Cl	AKT1,AKT2,AKT3		0	reversible	Phase II	CHEMBL2219422	46843057.0
GSK-2636771	Cc1c(Cn2c(C)nc3c(cc(cc23)N4CCOCC4)C(=O)O)cccc1C(F)(F)F	Cc1c(Cn2c(C)nc3c(C(=O)O)cc(N4CCOCC4)cc32)cccc1C(F)(F)F	PIK3CB		0	reversible	Phase I	CHEMBL3188551	56949517.0
GSK-461364	C[C@@H](Oc1cc(sc1C(=O)N)n2cnc3ccc(CN4CCN(C)CC4)cc23)c5ccccc5C(F)(F)F	C[C@@H](Oc1cc(-n2cnc3ccc(CN4CCN(C)CC4)cc32)sc1C(N)=O)c1ccccc1C(F)(F)F	PLK1	PLK2,PLK3	1	reversible	Phase I	CHEMBL1908394	15983966.0
GSK-690693	CCn1c(nc2c(ncc(OC[C@H]3CCCNC3)c12)C#CC(C)(C)O)c4nonc4N	CCn1c(-c2nonc2N)nc2c(C#CC(C)(C)O)ncc(OC[C@H]3CCCNC3)c21	AKT1,AKT2,AKT3	PRKACA,PRKACB,PRKACG,PRKX,PRKCA,PRKCB,PRKCZ,PRKCH,PRKCG,PRKCD,PRKCI,PRKCE	1	reversible	Phase I	CHEMBL494089	16725726.0
HMN-214	CC(=O)N(C1=CC=CC=C1/C=C/C2=CC=[N+](C=C2)[O-])S(=O)(=O)C3=CC=C(C=C3)OC	COc1ccc(S(=O)(=O)N(C(C)=O)c2ccccc2/C=C/c2cc[n+]([O-])cc2)cc1	PLK1		0	reversible	Phase I	CHEMBL3545431	9888590.0
Hydroxyfasudil	Oc1nccc2c(cccc12)S(=O)(=O)N3CCCNCC3	O=S(=O)(c1cccc2c(O)nccc12)N1CCCNCC1	ROCK2,PRKACA,PRKACB,PRKACG,PRKCA,PRKCB,PRKCZ,PRKCH,PRKCG,PRKCD,PRKCI,PRKCE,PRKG1,PRKG2,MYLK		1	reversible	(approved)	CHEMBL1233300	3064778.0
Ibrutinib	Nc1ncnc2c1c(nn2[C@@H]3CCCN(C3)C(=O)C=C)c4ccc(Oc5ccccc5)cc4	C=CC(=O)N1CCC[C@@H](n2nc(-c3ccc(Oc4ccccc4)cc3)c3c(N)ncnc32)C1	BTK	BMX,CSK,FGR,PTK6,HCK,EGFR,YES,ERBB2,JAK3,BLK,ITK,FRK,LCK,RET,FLT3,TEC,ABL1,FYN,RIPK2,SRC,LYN,PDGFRA	1	covalent	approved	CHEMBL1873475	24821094.0
Icotinib	C#Cc1cccc(Nc2ncnc3cc4OCCOCCOCCOc4cc23)c1	C#Cc1cccc(Nc2ncnc3cc4c(cc23)OCCOCCOCCO4)c1	EGFR		0	reversible	approved	CHEMBL2087361	22024915.0
Idelalisib	CC[C@H](Nc1ncnc2[nH]cnc12)C3=Nc4cccc(F)c4C(=O)N3c5ccccc5	CC[C@H](Nc1ncnc2[nH]cnc12)c1nc2cccc(F)c2c(=O)n1-c1ccccc1	PIK3CD	PIK3CA,PIK3CB,PIK3CG,PIK3C3	0	reversible	approved	CHEMBL2216870	11625818.0
Imatinib	CN1CCN(Cc2ccc(cc2)C(=O)Nc3ccc(C)c(Nc4nccc(n4)c5cccnc5)c3)CC1	Cc1ccc(NC(=O)c2ccc(CN3CCN(C)CC3)cc2)cc1Nc1nccc(-c2cccnc2)n1	ABL1,KIT,PDGFRA,PDGFRB		2	reversible	approved	CHEMBL941	5291.0
IMD-0354	Oc1ccc(Cl)cc1C(=O)Nc2cc(cc(c2)C(F)(F)F)C(F)(F)F	O=C(Nc1cc(C(F)(F)F)cc(C(F)(F)F)c1)c1cc(Cl)ccc1O	IKBKB		0	reversible	Phase I	CHEMBL536151	5081913.0
JANEX-1	COc1cc2ncnc(Nc3ccc(O)cc3)c2cc1OC	COc1cc2ncnc(Nc3ccc(O)cc3)c2cc1OC	JAK3		0	reversible	Phase I	CHEMBL405130	3794.0
JNJ-26483327	COc1cc2ncnc3Nc4cc(Br)ccc4CN(C)CCCCCOc1cc23	COc1cc2ncnc3c2cc1OCCCCCN(C)Cc1ccc(Br)cc1N3	EGFR,ERBB2,ERBB4,LYN,YES,FYN,LCK,SRC,FLT4		0	reversible	Phase I	CHEMBL3109738	11952856.0
JNJ-38877605	Cn1cc(cn1)c2ccc3nnc(n3n2)C(F)(F)c4ccc5ncccc5c4	Cn1cc(-c2ccc3nnc(C(F)(F)c4ccc5ncccc5c4)n3n2)cn1	MET		0	reversible	Phase I	CHEMBL2133806	46911863.0
K-252a	COC(=O)[C@@]1(O)C[C@H]2O[C@]1(C)n3c4ccccc4c5c6CNC(=O)c6c7c8ccccc8n2c7c35	COC(=O)[C@@]1(O)C[C@H]2O[C@]1(C)n1c3ccccc3c3c4c(c5c6ccccc6n2c5c31)C(=O)NC4	PRKCA,PRKCB,PRKCZ,PRKCH,PRKCG,PRKCD,PRKCI,PRKCE		1	reversible	Phase II	CHEMBL281948	3035817.0
KW-2449	O=C(N1CCNCC1)c2ccc(\C=C\c3n[nH]c4ccccc34)cc2	O=C(c1ccc(/C=C/c2n[nH]c3ccccc23)cc1)N1CCNCC1	FLT3	FGFR1,ABL1,AURKA,PDGFRB,IGF1R,EGFR,JAK2,KIT,SRC	1	reversible	Phase I	CHEMBL1908397	11427553.0
KX2-391	O=C(Cc1ccc(cn1)c2ccc(OCCN3CCOCC3)cc2)NCc4ccccc4	O=C(Cc1ccc(-c2ccc(OCCN3CCOCC3)cc2)cn1)NCc1ccccc1	SRC		4	reversible	Phase II	CHEMBL571546	23635314.0
Lapatinib	CS(=O)(=O)CCNCc1oc(cc1)c2ccc3ncnc(Nc4ccc(OCc5cccc(F)c5)c(Cl)c4)c3c2	CS(=O)(=O)CCNCc1ccc(-c2ccc3ncnc(Nc4ccc(OCc5cccc(F)c5)c(Cl)c4)c3c2)o1	EGFR,ERBB2	ERBB4	1	reversible	approved	CHEMBL554	208908.0
Lenvatinib	COc1cc2nccc(Oc3ccc(NC(=O)NC4CC4)c(Cl)c3)c2cc1C(=O)N	COc1cc2nccc(Oc3ccc(NC(=O)NC4CC4)c(Cl)c3)c2cc1C(N)=O	KDR,FLT4	FLT1,FGFR1,PDGFRA,PDGFRB,KIT	1	reversible	approved	CHEMBL1289601	9823820.0
Lestaurtinib	C[C@]12O[C@H](C[C@]1(O)CO)n3c4ccccc4c5c6C(=O)NCc6c7c8ccccc8n2c7c35	C[C@]12O[C@H](C[C@]1(O)CO)n1c3ccccc3c3c4c(c5c6ccccc6n2c5c31)CNC4=O	JAK2,FLT3,NTRK1		1	reversible	Phase III	CHEMBL603469	126565.0
Linifanib	Cc1ccc(F)c(NC(=O)Nc2ccc(cc2)c3cccc4[nH]nc(N)c34)c1	Cc1ccc(F)c(NC(=O)Nc2ccc(-c3cccc4[nH]nc(N)c34)cc2)c1	KDR,CSF1R,FLT1,FLT3	PDGFRB,KIT,TEK,FLT4,SGK1	2	reversible	Phase III	CHEMBL223360	11485656.0
Linsitinib	C[C@@]1(O)C[C@@H](C1)c2nc(c3ccc4ccc(nc4c3)c5ccccc5)c6c(N)nccn26	C[C@]1(O)C[C@@H](c2nc(-c3ccc4ccc(-c5ccccc5)nc4c3)c3c(N)nccn32)C1	IGF1R	INSR,INSRR	0	reversible	Phase III	CHEMBL1091644	11640390.0
Losmapimod	Cc1c(F)cc(cc1c2ccc(cn2)C(=O)NCC(C)(C)C)C(=O)NC3CC3	Cc1c(F)cc(C(=O)NC2CC2)cc1-c1ccc(C(=O)NCC(C)(C)C)cn1	MAPK14,MAPK11		0	reversible	Phase II	CHEMBL1088752	11552706.0
Lucitanib	CNC(=O)c1cccc2cc(Oc3ccnc4cc(OCC5(N)CC5)c(OC)cc34)ccc12	CNC(=O)c1cccc2cc(Oc3ccnc4cc(OCC5(N)CC5)c(OC)cc34)ccc12	FLT1,KDR,FLT4,FGFR1,FGFR2,FGFR3	PDGFRA,PDGFRB	1	reversible	Phase III	CHEMBL2220486	25031915.0
LY-2584702	Cn1cc(nc1C2CCN(CC2)c3ncnc4[nH]ncc34)c5ccc(F)c(c5)C(F)(F)F	Cn1cc(-c2ccc(F)c(C(F)(F)F)c2)nc1C1CCN(c2ncnc3[nH]ncc23)CC1	RPS6KB1,RPS6KB2		0	reversible	Phase I	CHEMBL3545076	25118925.0
LY-2801653	CC1=CC=C(C(=O)Nc2ccc(Oc3cc4cnn(C)c4cc3c5cn[nH]c5)c(F)c2)C(=O)N1c6ccc(F)cc6	Cc1ccc(C(=O)Nc2ccc(Oc3cc4cnn(C)c4cc3-c3cn[nH]c3)c(F)c2)c(=O)n1-c1ccc(F)cc1	MET	MST1R,FLT3,AXL,MERTK,TEK,ROS1,DDR1,DDR2,MKNK1,MKNK2	2	reversible	Phase I	CHEMBL3545307	44603533.0
Masitinib	CN1CCN(Cc2ccc(cc2)C(=O)Nc3ccc(C)c(Nc4nc(cs4)c5cccnc5)c3)CC1	Cc1ccc(NC(=O)c2ccc(CN3CCN(C)CC3)cc2)cc1Nc1nc(-c2cccnc2)cs1	KIT,PDGFRA,PDGFRB	LYN	2	reversible	Phase III	CHEMBL1908391	10074640.0
MGCD-265	Cn1cnc(c1)c2cc3nccc(Oc4ccc(NC(=S)NC(=O)Cc5ccccc5)cc4F)c3s2	Cn1cnc(-c2cc3nccc(Oc4ccc(NC(=S)NC(=O)Cc5ccccc5)cc4F)c3s2)c1	MET,FLT1,KDR,FLT4	MST1R,TEK	0	reversible	Phase I	CHEMBL254760	24901704.0
Midostaurin	CO[C@@H]1[C@@H](C[C@H]2O[C@]1(C)n3c4ccccc4c5c6CNC(=O)c6c7c8ccccc8n2c7c35)N(C)C(=O)c9ccccc9	CO[C@@H]1[C@H](N(C)C(=O)c2ccccc2)C[C@H]2O[C@]1(C)n1c3ccccc3c3c4c(c5c6ccccc6n2c5c31)C(=O)NC4	PRKCA,PRKCB,PRKCG,SYK,KDR,AKT1,AKT2,AKT3,PRKACA,PRKACB,PRKACG,KIT,FGR,SRC,FLT3,PDGFRB,FLT1,KDR	CDK1	1	reversible	Phase III	CHEMBL608533	9829523.0
Milciclib	CNC(=O)c1nn(C)c2c3nc(Nc4ccc(cc4)N5CCN(C)CC5)ncc3CC(C)(C)c12	CNC(=O)c1nn(C)c2c1C(C)(C)Cc1cnc(Nc3ccc(N4CCN(C)CC4)cc3)nc1-2	CDK2	CDK1,CDK4,CDK5,CDK7,NTRK1	1	reversible	Phase II	CHEMBL564829	16718576.0
MK-1775	CN1CCN(CC1)c2ccc(Nc3ncc4C(=O)N(CC=C)N(c5cccc(n5)C(C)(C)O)c4n3)cc2	C=CCn1c(=O)c2cnc(Nc3ccc(N4CCN(C)CC4)cc3)nc2n1-c1cccc(C(C)(C)O)n1	WEE1		0	reversible	Phase II	CHEMBL1976040	24856436.0
MK-2206	NC1(CCC1)c2ccc(cc2)c3nc4C=CN5C(=O)NN=C5c4cc3c6ccccc6	NC1(c2ccc(-c3nc4ccn5c(=O)[nH]nc5c4cc3-c3ccccc3)cc2)CCC1	AKT1,AKT2,AKT3		4	reversible	Phase II	CHEMBL1079175	24964624.0
MK-2461	CN(C[C@@H]1COCCO1)S(=O)(=O)Nc2ccc3C=Cc4ncc(cc4C(=O)c3c2)c5cnn(C)c5	CN(C[C@@H]1COCCO1)S(=O)(=O)Nc1ccc2ccc3ncc(-c4cnn(C)c4)cc3c(=O)c2c1	MET	FGFR1,FGFR2,FGFR3,PDGFRB,KDR,FLT3,FLT4,NTRK1,NTRK2,MST1R,FLT1,MERTK,STK17A,JAK2,IRAK4,MELK,RET	0	reversible	Phase I/II	CHEMBL1822792	44137946.0
MK-5108	OC(=O)C1(Cc2cccc(Nc3nccs3)n2)CCC(CC1)Oc4cccc(Cl)c4F	O=C(O)C1(Cc2cccc(Nc3nccs3)n2)CCC(Oc2cccc(Cl)c2F)CC1	AURKA	AURKB,AURKC,NTRK1	1	reversible	Phase I	CHEMBL3182444	24748204.0
MK-8033	Cn1cc(cn1)c2cnc3C=Cc4ccc(CS(=O)(=O)NCc5ccccn5)cc4C(=O)c3c2	Cn1cc(-c2cnc3ccc4ccc(CS(=O)(=O)NCc5ccccn5)cc4c(=O)c3c2)cn1	MET,MST1R		0	reversible	Phase I	CHEMBL2323775	45142457.0
MLN-2480	C[C@@H](NC(=O)c1ncnc(N)c1Cl)c2ncc(s2)C(=O)Nc3cc(c(Cl)cn3)C(F)(F)F	C[C@@H](NC(=O)c1ncnc(N)c1Cl)c1ncc(C(=O)Nc2cc(C(F)(F)F)c(Cl)cn2)s1	ARAF,BRAF,RAF1		0	reversible	Phase I	CHEMBL3348923	25161177.0
MLN-8054	OC(=O)c1ccc(Nc2ncc3CN=C(c4cc(Cl)ccc4c3n2)c5c(F)cccc5F)cc1	O=C(O)c1ccc(Nc2ncc3c(n2)-c2ccc(Cl)cc2C(c2c(F)cccc2F)=NC3)cc1	AURKA	AURKB	1	reversible	Phase I	CHEMBL259084	11712649.0
Momelotinib	O=C(NCC#N)c1ccc(cc1)c2ccnc(Nc3ccc(cc3)N4CCOCC4)n2	N#CCNC(=O)c1ccc(-c2ccnc(Nc3ccc(N4CCOCC4)cc3)n2)cc1	JAK1,JAK2	JAK3	0	reversible	Phase III	CHEMBL1078178	25062766.0
Motesanib	CC1(C)CNc2cc(NC(=O)c3cccnc3NCc4ccncc4)ccc12	CC1(C)CNc2cc(NC(=O)c3cccnc3NCc3ccncc3)ccc21	FLT1,KDR,FLT4	PDGFRA,PDGFRB,RET,KIT	2	reversible	Phase I/II	CHEMBL572881	11667893.0
Mubritinib	FC(F)(F)c1ccc(\C=C\c2occ(COc3ccc(CCCCn4ccnn4)cc3)n2)cc1	FC(F)(F)c1ccc(/C=C/c2nc(COc3ccc(CCCCn4ccnn4)cc3)co2)cc1	ERBB2		0	reversible	Phase I	CHEMBL1614707	6444692.0
Neratinib	CCOc1cc2ncc(C#N)c(Nc3ccc(OCc4ccccn4)c(Cl)c3)c2cc1NC(=O)\C=C\CN(C)C	CCOc1cc2ncc(C#N)c(Nc3ccc(OCc4ccccn4)c(Cl)c3)c2cc1NC(=O)/C=C/CN(C)C	ERBB2,EGFR	KDR	1	covalent	Phase III	CHEMBL180022	9915743.0
Nilotinib	Cc1cn(cn1)c2cc(NC(=O)c3ccc(C)c(Nc4nccc(n4)c5cccnc5)c3)cc(c2)C(F)(F)F	Cc1cn(-c2cc(NC(=O)c3ccc(C)c(Nc4nccc(-c5cccnc5)n4)c3)cc(C(F)(F)F)c2)cn1	ABL1		2	reversible	approved	CHEMBL255863	644241.0
Nintedanib	COC(=O)c1ccc2\C(=C(\Nc3ccc(cc3)N(C)C(=O)CN4CCN(C)CC4)/c5ccccc5)\C(=O)Nc2c1	COC(=O)c1ccc2c(c1)NC(=O)/C2=C(\Nc1ccc(N(C)C(=O)CN2CCN(C)CC2)cc1)c1ccccc1	FLT1,KDR,FLT4,FGFR1,FGFR2,FGFR3,PDGFRA,PDGFRB	LCK,FLT3,SRC,LYN,FGFR4	2	reversible	approved	CHEMBL502835	9809715.0
NMS-1286937	COc1ccc(cc1Nc2ncc3CCc4c(nn(C)c4c3n2)C(=O)N)N5CCN(C)CC5	COc1ccc(N2CCN(C)CC2)cc1Nc1ncc2c(n1)-c1c(c(C(N)=O)nn1C)CC2	PLK1		1	reversible	Phase I	CHEMBL1094408	49792852.0
Omipalisib	COc1ncc(cc1NS(=O)(=O)c2ccc(F)cc2F)c3ccc4nccc(c5ccnnc5)c4c3	COc1ncc(-c2ccc3nccc(-c4ccnnc4)c3c2)cc1NS(=O)(=O)c1ccc(F)cc1F	PIK3CA,PIK3CB,PIK3CD,PIK3CG	MTOR	0	reversible	Phase I	CHEMBL1236962	25167777.0
ONO-4059 analogue	C=CC(=O)N1CCC[C@@H](C1)N2C3=C(C(=NC=N3)N)N(C2=O)C4=CC=C(C=C4)OC5=CC=CC=C5	C=CC(=O)N1CCC[C@H](n2c(=O)n(-c3ccc(Oc4ccccc4)cc3)c3c(N)ncnc32)C1	BTK		0	covalent	Phase I		89455219.0
Orantinib	Cc1[nH]c(\C=C\2/C(=O)Nc3ccccc23)c(C)c1CCC(=O)O	Cc1[nH]c(/C=C2\C(=O)Nc3ccccc32)c(C)c1CCC(=O)O	PDGFRA,PDGFRB	IGF1R,MET,SRC,LCK,ZAP70,ABL1,CDK2	1	reversible	Phase I	CHEMBL274654	5329099.0
OSI-027	COc1cccc2cc([nH]c12)c3nc([C@@H]4CC[C@H](CC4)C(=O)O)n5ncnc(N)c35	COc1cccc2cc(-c3nc([C@H]4CC[C@H](C(=O)O)CC4)n4ncnc(N)c34)[nH]c12	MTOR	PIK3CG,PRKDC	0	reversible	Phase I	CHEMBL3120215	44224160.0
OSI-930	FC(F)(F)Oc1ccc(NC(=O)c2sccc2NCc3ccnc4ccccc34)cc1	O=C(Nc1ccc(OC(F)(F)F)cc1)c1sccc1NCc1ccnc2ccccc12	KIT,KDR,CSF1R	FLT1,CRAF,LCK	2	reversible	Phase I	CHEMBL1614710	9868037.0
Osimertinib	COc1cc(N(C)CCN(C)C)c(NC(=O)C=C)cc1Nc2nccc(n2)c3cn(C)c4ccccc34	C=CC(=O)Nc1cc(Nc2nccc(-c3cn(C)c4ccccc34)n2)c(OC)cc1N(C)CCN(C)C	EGFR		1	covalent	approved	CHEMBL3353410	71496458.0
OTS-167	CC(C(C=NC1=CC=C(N=C12)C3=CC(Cl)=C(O)C(Cl)=C3)=C2N[C@@H]4CC[C@@H](CN(C)C)CC4)=O	CC(=O)c1cnc2ccc(-c3cc(Cl)c(O)c(Cl)c3)nc2c1N[C@H]1CC[C@H](CN(C)C)CC1	MELK		0	reversible	Phase I/II	CHEMBL3688339	71543332.0
P-276-00	CN1CC[C@H]([C@@H]1CO)C2=C(C=C(C3=C2OC(=CC3=O)C4=CC=CC=C4Cl)O)O.Cl	CN1CC[C@@H](c2c(O)cc(O)c3c(=O)cc(-c4ccccc4Cl)oc23)[C@@H]1CO.Cl	CDK1,CDK4,CDK9	CDK2	0	reversible	Phase II		23643975.0
Pacritinib	C(CN1CCCC1)Oc2ccc3Nc4nccc(n4)c5cccc(COC\C=C\COCc2c3)c5	C1=C/COCc2cc(ccc2OCCN2CCCC2)Nc2nccc(n2)-c2cccc(c2)COC/1	JAK2,FLT3	TYK2,JAK3	0	reversible	Phase III	CHEMBL2035187	46216796.0
Palbociclib	CC(=O)C1=C(C)c2cnc(Nc3ccc(cn3)N4CCNCC4)nc2N(C5CCCC5)C1=O	CC(=O)c1c(C)c2cnc(Nc3ccc(N4CCNCC4)cn3)nc2n(C2CCCC2)c1=O	CDK4,CDK6		1	reversible	approved	CHEMBL189963	5330286.0
Pazopanib	CN(c1ccc2c(C)n(C)nc2c1)c3ccnc(Nc4ccc(C)c(c4)S(=O)(=O)N)n3	Cc1ccc(Nc2nccc(N(C)c3ccc4c(C)n(C)nc4c3)n2)cc1S(N)(=O)=O	FLT1,KDR,FLT4	PDGFRA,FGFR1,FGFR2,FGFR3,FGFR4,KIT,CSF1R	1	reversible	approved	CHEMBL477772	10113978.0
PD-325901	C1=CC(=C(C=C1I)F)NC2=C(C=CC(=C2F)F)C(=O)NOC[C@@H](CO)O	O=C(NOC[C@H](O)CO)c1ccc(F)c(F)c1Nc1ccc(I)cc1F	MAP2K1,MAP2K2		3	reversible	Phase II	CHEMBL507361	9826528.0
Pelitinib	CCOc1cc2ncc(C#N)c(Nc3ccc(F)c(Cl)c3)c2cc1NC(=O)\C=C\CN(C)C	CCOc1cc2ncc(C#N)c(Nc3ccc(F)c(Cl)c3)c2cc1NC(=O)/C=C/CN(C)C	EGFR	SRC,MAP2K1,MAP2K2,MAPK3,MAPK1	0	covalent	Phase II	CHEMBL607707	6445562.0
Perifosine	CCCCCCCCCCCCCCCCCCOP(=O)([O-])OC1CC[N+](C)(C)CC1	CCCCCCCCCCCCCCCCCCOP(=O)([O-])OC1CC[N+](C)(C)CC1	AKT1		0	reversible	Phase III	CHEMBL372764	148177.0
Pexidartinib	C1=CC(=NC=C1CC2=CNC3=NC=C(C=C23)Cl)NCC4=CN=C(C=C4)C(F)(F)F	FC(F)(F)c1ccc(CNc2ccc(Cc3c[nH]c4ncc(Cl)cc34)cn2)cn1	CSF1R	KIT,FLT3	2	reversible	Phase II		25151352.0
Pexmetinib	CC1=CC=C(C=C1)N2C(=CC(=N2)C(C)(C)C)NC(=O)NCC3=C(C=CC(=C3)F)OC4=CC5=C(C=C4)N(N=C5)CCO	Cc1ccc(-n2nc(C(C)(C)C)cc2NC(=O)NCc2cc(F)ccc2Oc2ccc3c(cnn3CCO)c2)cc1	MAPK14,MAPK11,MAPK12,MAPK13,TEK		0	reversible	Phase I	CHEMBL3545297	24765037.0
PF-03814735	CC(=O)NCC(=O)N1C2CCC1C3=C2C=CC(=C3)NC4=NC=C(C(=N4)NC5CCC5)C(F)(F)F	CC(=O)NCC(=O)N1C2CCC1c1cc(Nc3ncc(C(F)(F)F)c(NC4CCC4)n3)ccc12	AURKA,AURKB	FLT3,PTK2,NTRK1,MET,FGFR1,FLT1	1	reversible	Phase I	CHEMBL3545078	49830590.0
PF-04217903	OCCn1cc(cn1)c2cnc3nnn(Cc4ccc5ncccc5c4)c3n2	OCCn1cc(-c2cnc3nnn(Cc4ccc5ncccc5c4)c3n2)cn1	MET		1	reversible	Phase I	CHEMBL2001019	17754438.0
PF-04691502	COc1ccc(cn1)C2=Cc3c(C)nc(N)nc3N([C@@H]4CC[C@H](CC4)OCCO)C2=O	COc1ccc(-c2cc3c(C)nc(N)nc3n([C@H]3CC[C@H](OCCO)CC3)c2=O)cn1	PIK3CA,PIK3CB,PIK3CD,PIK3CG,MTOR	PIK3C3,AKT,PDK1,RPS6KB1,RPS6KB2,MAP2K1,MAP2K2,MAPK3,MAPK1,MAPK14,MAPK11,MAPK12,MAPK13,MAPK8,MAPK9,MAPK10	0	reversible	Phase II	CHEMBL1234354	25033539.0
PF-3758309	CN(C)C[C@@H](NC(=O)N1Cc2c(Nc3nc(C)nc4ccsc34)n[nH]c2C1(C)C)c5ccccc5	Cc1nc(Nc2n[nH]c3c2CN(C(=O)N[C@H](CN(C)C)c2ccccc2)C3(C)C)c2sccc2n1	PAK4	PAK1,PAK6,PAK5,PAK4,PAK3,PAK2	1	reversible	Phase I	CHEMBL3128043	25227462.0
PF-477736	Cn1cc(cn1)C2=Nc3cc(NC(=O)C(N)C4CCCCC4)cc5C(=O)NNC=C2c35	Cn1cc(C2=Nc3cc(NC(=O)C(N)C4CCCCC4)cc4c3C2=CNNC4=O)cn1	CHEK1	KDR,AURKA,FGFR3,FLT3,CSF1R,RET,YES,CHEK2	0	reversible	Phase I	CHEMBL3545137	23402305.0
PF-562271	CN(c1ncccc1CNc2nc(Nc3ccc4NC(=O)Cc4c3)ncc2C(F)(F)F)S(=O)(=O)C	CN(c1ncccc1CNc1nc(Nc2ccc3c(c2)CC(=O)N3)ncc1C(F)(F)F)S(C)(=O)=O	PTK2	PTK2B,CDK2,CDK3,CDK1,CDK7,FLT3,GSK3A,CDK5,GSK3B,AURKA,CDK2,YES,MAPK1,FYN,LCK,IGF1R,SRC,PRKACA,PRKACB,PRKACG,SRC	1	reversible	Phase I	CHEMBL1084546	11713159.0
PH-797804	CNC(=O)c1ccc(C)c(c1)N2C(=CC(=C(Br)C2=O)OCc3ccc(F)cc3F)C	CNC(=O)c1ccc(C)c(-n2c(C)cc(OCc3ccc(F)cc3F)c(Br)c2=O)c1	MAPK14	MAPK11	1	reversible	Phase II	CHEMBL1088751	22049997.0
PHA-793887	CC(C)CC(=O)Nc1n[nH]c2c1CN(C(=O)C3CCN(C)CC3)C2(C)C	CC(C)CC(=O)Nc1n[nH]c2c1CN(C(=O)C1CCN(C)CC1)C2(C)C	CDK2,CDK5,CDK7	CDK1,CDK4,CDK9,GSK3B	1	reversible	Phase I	CHEMBL1230607	46191454.0
Pictilisib	CS(=O)(=O)N1CCN(Cc2cc3nc(nc(N4CCOCC4)c3s2)c5cccc6[nH]ncc56)CC1	CS(=O)(=O)N1CCN(Cc2cc3nc(-c4cccc5[nH]ncc45)nc(N4CCOCC4)c3s2)CC1	PIK3CA,PIK3CD	PIK3CB,PIK3CG,MTOR,PIK3C2B	0	reversible	Phase II	CHEMBL521851	17755052.0
Pilaralisib analogue	CC1=CC=C(C=C1)S(=O)(=O)NC2=NC3=CC=CC=C3N=C2NC4=CC5=NSN=C5C=C4	Cc1ccc(S(=O)(=O)Nc2nc3ccccc3nc2Nc2ccc3nsnc3c2)cc1	PIK3CA,PIK3CD,PIK3CG	PIK3CB	0	reversible	Phase I/II	CHEMBL3218575	1893730.0
Pimasertib	OC[C@@H](O)CNC(=O)c1ccncc1Nc2ccc(I)cc2F	O=C(NC[C@H](O)CO)c1ccncc1Nc1ccc(I)cc1F	MAP2K1,MAP2K2		3	reversible	Phase II	CHEMBL2107832	44187362.0
Ponatinib	CN1CCN(Cc2ccc(NC(=O)c3ccc(C)c(c3)C#Cc4cnc5cccnn45)cc2C(F)(F)F)CC1	Cc1ccc(C(=O)Nc2ccc(CN3CCN(C)CC3)c(C(F)(F)F)c2)cc1C#Cc1cnc2cccnn12	ABL1	PDGFRA,KDR,FGFR1,SRC,KIT	2	reversible	approved	CHEMBL1171837	24826799.0
Poziotinib	COc1cc2ncnc(Nc3ccc(Cl)c(Cl)c3F)c2cc1OC4CCN(CC4)C(=O)C=C	C=CC(=O)N1CCC(Oc2cc3c(Nc4ccc(Cl)c(Cl)c4F)ncnc3cc2OC)CC1	EGFR,ERBB2,ERBB4		0	covalent	Phase II	CHEMBL3545154	25127713.0
Quizartinib	CC(C)(C)c1onc(NC(=O)Nc2ccc(cc2)c3cn4c5ccc(OCCN6CCOCC6)cc5sc4n3)c1	CC(C)(C)c1cc(NC(=O)Nc2ccc(-c3cn4c(n3)sc3cc(OCCN5CCOCC5)ccc34)cc2)no1	FLT3	KIT,PDGFRA,PDGFRB,RET,CSF1R	2	reversible	Phase III	CHEMBL576982	24889392.0
R-406	COc1cc(Nc2ncc(F)c(Nc3ccc4OC(C)(C)C(=O)Nc4n3)n2)cc(OC)c1OC	COc1cc(Nc2ncc(F)c(Nc3ccc4c(n3)NC(=O)C(C)(C)O4)n2)cc(OC)c1OC	SYK	FLT3	1	reversible	Phase II	CHEMBL475251	11213558.0
R-547	COc1ccc(F)c(F)c1C(=O)c2cnc(NC3CCN(CC3)S(=O)(=O)C)nc2N	COc1ccc(F)c(F)c1C(=O)c1cnc(NC2CCN(S(C)(=O)=O)CC2)nc1N	CDK1,CDK2,CDK4	CDK2,GSK3A,GSK3B	1	reversible	Phase I	CHEMBL384304	6918852.0
Rabusertib	Cc1cnc(NC(=O)Nc2cc(Br)c(C)cc2OC[C@@H]3CNCCO3)cn1	Cc1cnc(NC(=O)Nc2cc(Br)c(C)cc2OC[C@@H]2CNCCO2)cn1	CHEK1		2	reversible	Phase II	CHEMBL3039517	11955855.0
RAF-265	Cn1c(Nc2ccc(cc2)C(F)(F)F)nc3cc(Oc4ccnc(c4)c5ncc([nH]5)C(F)(F)F)ccc13	Cn1c(Nc2ccc(C(F)(F)F)cc2)nc2cc(Oc3ccnc(-c4ncc(C(F)(F)F)[nH]4)c3)ccc21	CRAF,BRAF,KDR		2	reversible	Phase II	CHEMBL558752	11656518.0
Rapamycin	CO[C@@H]1C[C@H](C[C@@H](C)[C@@H]2CC(=O)[C@H](C)\C=C(/C)\[C@@H](O)[C@@H](OC)C(=O)[C@H](C)C[C@H](C)\C=C\C=C\C=C(/C)\[C@H](C[C@@H]3CC[C@@H](C)[C@@](O)(O3)C(=O)C(=O)N4CCCC[C@H]4C(=O)O2)OC)CC[C@H]1O	CO[C@H]1C[C@@H]2CC[C@@H](C)[C@@](O)(O2)C(=O)C(=O)N2CCCC[C@H]2C(=O)O[C@H]([C@H](C)C[C@@H]2CC[C@@H](O)[C@H](OC)C2)CC(=O)[C@H](C)/C=C(\C)[C@@H](O)[C@@H](OC)C(=O)[C@H](C)C[C@H](C)/C=C/C=C/C=C/1C	MTOR		0	reversible	approved	CHEMBL413	5284616.0
RDEA-436			MAP2K1,MAP2K2		3	reversible	Phase I		
Rebastinib	CNC(=O)c1cc(Oc2ccc(NC(=O)Nc3cc(nn3c4ccc5ncccc5c4)C(C)(C)C)c(F)c2)ccn1	CNC(=O)c1cc(Oc2ccc(NC(=O)Nc3cc(C(C)(C)C)nn3-c3ccc4ncccc4c3)c(F)c2)ccn1	ABL1	SRC,LYN,FGR,HCK,KDR,FLT3,TEK,KIT,PDGFRA,PDGFRB	2	reversible	Phase I	CHEMBL1738757	25066467.0
Refametinib	COC1=CC(=C(C(=C1NS(=O)(=O)C2(CC2)C[C@@H](CO)O)NC3=C(C=C(C=C3)I)F)F)F	COc1cc(F)c(F)c(Nc2ccc(I)cc2F)c1NS(=O)(=O)C1(C[C@H](O)CO)CC1	MAP2K1,MAP2K2		3	reversible	Phase II	CHEMBL2138601	44182295.0
Regorafenib	CNC(=O)c1cc(Oc2ccc(NC(=O)Nc3ccc(Cl)c(c3)C(F)(F)F)c(F)c2)ccn1	CNC(=O)c1cc(Oc2ccc(NC(=O)Nc3ccc(Cl)c(C(F)(F)F)c3)c(F)c2)ccn1	KDR,RET,RAF1	FLT1,FLT4,PDGFRB,KIT,BRAF,FGFR1,TEK	2	reversible	approved	CHEMBL1946170	11167602.0
RGB-286638	COCCN1CCN(Cc2ccc(cc2)c3n[nH]c4c5cccc(NC(=O)NN6CCOCC6)c5C(=O)c34)CC1	COCCN1CCN(Cc2ccc(-c3n[nH]c4c3C(=O)c3c(NC(=O)NN5CCOCC5)cccc3-4)cc2)CC1	CDK9,CDK1,CDK2,CDK4,CDK3,CDK5	CDK6,CDK7,GSK3B,MAP3K7,PRKAA1,PRKAA2,JAK2,MAP2K1	0	reversible	Phase I	CHEMBL3545083	11285002.0
Ribociclib	CN(C)C(=O)c1cc2cnc(Nc3ccc(cn3)N4CCNCC4)nc2n1C5CCCC5	CN(C)C(=O)c1cc2cnc(Nc3ccc(N4CCNCC4)cn3)nc2n1C1CCCC1	CDK4,CDK6		1	reversible	Phase III	CHEMBL3545110	44631912.0
Rigosertib	COc1cc(OC)c(\C=C\S(=O)(=O)Cc2ccc(OC)c(NCC(=O)O)c2)c(OC)c1	COc1cc(OC)c(/C=C/S(=O)(=O)Cc2ccc(OC)c(NCC(=O)O)c2)c(OC)c1	PLK1	PLK2	4	reversible	Phase III	CHEMBL1241855	6918736.0
Ripasudil	C[C@H]1CNCCCN1S(=O)(=O)c2cccc3cncc(F)c23	C[C@H]1CNCCCN1S(=O)(=O)c1cccc2cncc(F)c12	ROCK1,ROCK2		0	reversible	Phase II	CHEMBL3426621	9863672.0
Ro-4987655	OCCONC(=O)c1cc(CN2OCCCC2=O)c(F)c(F)c1Nc3ccc(I)cc3F	O=C(NOCCO)c1cc(CN2OCCCC2=O)c(F)c(F)c1Nc1ccc(I)cc1F	MAP2K1		3	reversible	Phase I	CHEMBL1614766	11548630.0
Ro-5126766	CNS(=O)(=O)Nc1nccc(CC2=C(C)c3ccc(Oc4ncccn4)cc3OC2=O)c1F	CNS(=O)(=O)Nc1nccc(Cc2c(C)c3ccc(Oc4ncccn4)cc3oc2=O)c1F	BRAF,CRAF,MAP2K1		3	reversible	Phase I	CHEMBL3264002	16719221.0
Rociletinib	COc1cc(ccc1Nc2ncc(c(Nc3cccc(NC(=O)C=C)c3)n2)C(F)(F)F)N4CCN(CC4)C(=O)C	C=CC(=O)Nc1cccc(Nc2nc(Nc3ccc(N4CCN(C(C)=O)CC4)cc3OC)ncc2C(F)(F)F)c1	EGFR		0	covalent	Phase III	CHEMBL3545308	57335384.0
Ruboxistaurin	CN(C)C[C@@H]1CCn2cc(C3=C(C(=O)NC3=O)c4cn(CCO1)c5ccccc45)c6ccccc26	CN(C)C[C@@H]1CCn2cc(c3ccccc32)C2=C(C(=O)NC2=O)c2cn(c3ccccc23)CCO1	PRKCB		1	reversible	Phase III	CHEMBL91829	153999.0
Ruxolitinib	N#CC[C@H](C1CCCC1)n2cc(cn2)c3ncnc4[nH]ccc34	N#CC[C@H](C1CCCC1)n1cc(-c2ncnc3[nH]ccc23)cn1	JAK1,JAK2	JAK3	1	reversible	approved	CHEMBL1789941	25126798.0
Sapanisertib	NC1=C2C(N(C(C)C)N=C2C3=CC=C(OC(C)=N4)C4=C3)=NC=N1	Cc1nc2cc(-c3nn(C(C)C)c4ncnc(N)c34)ccc2o1	MTOR	PIK3CA,PIK3CD,PIK3CG	0	reversible	Phase II	CHEMBL3545097	117606729.0
Sapitinib	CNC(=O)CN1CCC(CC1)Oc2cc3c(Nc4cccc(Cl)c4F)ncnc3cc2OC	CNC(=O)CN1CCC(Oc2cc3c(Nc4cccc(Cl)c4F)ncnc3cc2OC)CC1	EGFR,ERBB2,ERBB3	MKNK1,FLT1	0	reversible	Phase II	CHEMBL2408045	11488320.0
SAR-407899	O=C1NC=Cc2cc(OC3CCNCC3)ccc12	O=c1[nH]ccc2cc(OC3CCNCC3)ccc12	ROCK1	ROCK2	0	reversible	Phase II	CHEMBL1667969	15604510.0
Saracatinib	CN1CCN(CCOc2cc(OC3CCOCC3)c4c(Nc5c(Cl)ccc6OCOc56)ncnc4c2)CC1	CN1CCN(CCOc2cc(OC3CCOCC3)c3c(Nc4c(Cl)ccc5c4OCO5)ncnc3c2)CC1	SRC	YES,FYN,LYN,BLK,FGR,LCK,ABL1,EGFR,KIT,EPHA2	1	reversible	Phase II/III	CHEMBL217092	10302451.0
SB-1317	CN1C\C=C\CCOc2cccc(c2)c3ccnc(Nc4cccc(C1)c4)n3	CN1C/C=C/CCOc2cccc(c2)-c2ccnc(n2)Nc2cccc(c2)C1	CDK1,CDK2,CDK7,CDK9,JAK2,FLT3		0	reversible	Phase I	CHEMBL1944698	16739650.0
SCH-900776	Cn1cc(cn1)c2cnn3c(N)c(Br)c(nc23)[C@@H]4CCCNC4	Cn1cc(-c2cnn3c(N)c(Br)c([C@@H]4CCCNC4)nc23)cn1	CHEK1	CDK2	0	reversible	Phase II	CHEMBL2386889	46239015.0
Seliciclib	CC[C@H](CO)Nc1nc(NCc2ccccc2)c3ncn(C(C)C)c3n1	CC[C@H](CO)Nc1nc(NCc2ccccc2)c2ncn(C(C)C)c2n1	CDK1,CDK2,CDK5		1	reversible	Phase II	CHEMBL14762	160355.0
Selumetinib	Cn1cnc2c(F)c(Nc3ccc(Br)cc3Cl)c(cc12)C(=O)NOCCO	Cn1cnc2c(F)c(Nc3ccc(Br)cc3Cl)c(C(=O)NOCCO)cc21	MAP2K1		3	reversible	Phase III	CHEMBL1614701	10127622.0
SGI-1776	CN1CCC(CNc2ccc3ncc(c4cccc(OC(F)(F)F)c4)n3n2)CC1	CN1CCC(CNc2ccc3ncc(-c4cccc(OC(F)(F)F)c4)n3n2)CC1	PIM1	PIM2,PIM3,FLT3,GSG2	0	reversible	Phase I	CHEMBL1952329	24795070.0
SGX-523	Cn1cc(cn1)c2ccc3nnc(Sc4ccc5ncccc5c4)n3n2	Cn1cc(-c2ccc3nnc(Sc4ccc5ncccc5c4)n3n2)cn1	MET		1	reversible	Phase I	CHEMBL1236107	24779724.0
Silmitasertib	OC(=O)c1ccc2c(c1)nc(Nc3cccc(Cl)c3)c4ccncc24	O=C(O)c1ccc2c(c1)nc(Nc1cccc(Cl)c1)c1ccncc12	CSNK2A1,CSNK2A2	FLT3,PIM1,CDK1	1	reversible	Phase I/II	CHEMBL1230165	24748573.0
SNS-314	OC(=Nc1cccc(Cl)c1)Nc2ncc(CCN=C3NC=Nc4ccsc34)s2	OC(=Nc1cccc(Cl)c1)Nc1ncc(CCN=c2[nH]cnc3ccsc23)s1	AURKA,AURKB,AURKC	NTRK1,NTRK2,FLT4,CSF1R,AXL,CRAF,DDR2	1	reversible	Phase I	CHEMBL482767	24995524.0
Sonolisib	COC[C@H]1OC(=O)\C(=C\N(CC=C)CC=C)\C2=C(O)C(=O)C3=C([C@@H](C[C@@]4(C)[C@H]3CCC4=O)OC(=O)C)[C@@]12C	C=CCN(/C=C1/C(=O)O[C@H](COC)[C@@]2(C)C1=C(O)C(=O)C1=C2[C@H](OC(C)=O)C[C@]2(C)C(=O)CC[C@@H]12)CC=C	PIK3CA,PIK3CD,PIK3CG		0	reversible	Phase II	CHEMBL411907	9849735.0
Sorafenib	CNC(=O)c1cc(Oc2ccc(NC(=O)Nc3ccc(Cl)c(c3)C(F)(F)F)cc2)ccn1	CNC(=O)c1cc(Oc2ccc(NC(=O)Nc3ccc(Cl)c(C(F)(F)F)c3)cc2)ccn1	RAF1,BRAF	KDR,FLT4,PDGFRB,FLT3,KIT,FGFR1	2	reversible	approved	CHEMBL1336	216239.0
Sotrastaurin	CN1CCN(CC1)c2nc(C3=C(C(=O)NC3=O)c4c[nH]c5ccccc45)c6ccccc6n2	CN1CCN(c2nc(C3=C(c4c[nH]c5ccccc45)C(=O)NC3=O)c3ccccc3n2)CC1	PRKCQ	PRKCA,PRKCB,PRKCZ,PRKCH,PRKCG,PRKCD,PRKCI,PRKCE	1	reversible	Phase I/II	CHEMBL565612	10296883.0
SU-14813	Cc1[nH]c(\C=C\2/C(=O)Nc3ccc(F)cc23)c(C)c1C(=O)NC[C@H](O)CN4CCOCC4	Cc1[nH]c(/C=C2\C(=O)Nc3ccc(F)cc32)c(C)c1C(=O)NC[C@H](O)CN1CCOCC1	FLT1,KDR,FLT4,PDGFRA,PDGFRB,KIT,FLT3		1	reversible	Phase II	CHEMBL1721885	10138259.0
Sunitinib	CCN(CC)CCNC(=O)c1c(C)[nH]c(\C=C\2/C(=O)Nc3ccc(F)cc23)c1C	CCN(CC)CCNC(=O)c1c(C)[nH]c(/C=C2\C(=O)Nc3ccc(F)cc32)c1C	KDR,PDGFRB	KIT	1	reversible	approved	CHEMBL535	5329102.0
TAK-285	CC(C)(O)CC(=O)NCCn1ccc2ncnc(Nc3ccc(Oc4cccc(c4)C(F)(F)F)c(Cl)c3)c12	CC(C)(O)CC(=O)NCCn1ccc2ncnc(Nc3ccc(Oc4cccc(C(F)(F)F)c4)c(Cl)c3)c21	ERBB2,EGFR	ERBB4	1	reversible	Phase I	CHEMBL1614725	11620908.0
TAK-593	Cc1cc(C(=O)Nc2cc(Oc3ccc4nc(NC(=O)C5CC5)cn4n3)ccc2C)n(C)n1	Cc1cc(C(=O)Nc2cc(Oc3ccc4nc(NC(=O)C5CC5)cn4n3)ccc2C)n(C)n1	KDR	FLT1,FLT4,PDGFRA,PDGFRB	0	reversible	Phase I	CHEMBL2180604	24767976.0
TAK-733	CN1C(=O)C(=C(Nc2ccc(I)cc2F)C3=C1N=CN(C[C@@H](O)CO)C3=O)F	Cn1c(=O)c(F)c(Nc2ccc(I)cc2F)c2c(=O)n(C[C@@H](O)CO)cnc21	MAP2K1		3	reversible	Phase I	CHEMBL1615025	24963252.0
TAK-901	CCS(=O)(=O)c1cccc(c1)c2cc(C(=O)NC3CCN(C)CC3)c(C)c4[nH]c5ncc(C)cc5c24	CCS(=O)(=O)c1cccc(-c2cc(C(=O)NC3CCN(C)CC3)c(C)c3[nH]c4ncc(C)cc4c23)c1	AURKA,AURKB	JAK3,SRC,FGR,YES,LRRK2,FLT3,FYN,ABL2,AXL,HCK,SIK2,RET,NTRK1,LCK,PTK5,CSF1R,FGFR2,EPHB1,ABL,EPHA1,NUAK1,ITK,ALK2,CDK7,BLK,JAK2,EPHB2,STK16,EPHA2,PTK6,EPHB4,TNK2,FGFR1,EPHA4,STK33,CLK1,PRKAA2,PRKAA1,FES,SLK,CHEK2,TYK2,BTK,PTK2,KIT,KDR,FGFR3,TGFBR1,MAP3K9,CLK3,JAK1	0	reversible	Phase I	CHEMBL3544932	16124208.0
Talmapimod	C[C@@H]1CN(Cc2ccc(F)cc2)[C@@H](C)CN1C(=O)c3cc4c(cn(C)c4cc3Cl)C(=O)C(=O)N(C)C	C[C@@H]1CN(Cc2ccc(F)cc2)[C@@H](C)CN1C(=O)c1cc2c(C(=O)C(=O)N(C)C)cn(C)c2cc1Cl	MAPK14,MAPK11,MAPK12,MAPK13		1	reversible	Phase II	CHEMBL514201	9871074.0
Tandutinib	COc1cc2c(ncnc2cc1OCCCN3CCCCC3)N4CCN(CC4)C(=O)Nc5ccc(OC(C)C)cc5	COc1cc2c(N3CCN(C(=O)Nc4ccc(OC(C)C)cc4)CC3)ncnc2cc1OCCCN1CCCCC1	FLT3	PDGFRA,PDGFRB,KIT	2	reversible	Phase II	CHEMBL124660	3038522.0
Tanzisertib	O[C@@H]1CC[C@H](CC1)Nc2ncc3nc(Nc4c(F)cc(F)cc4F)n([C@H]5CCOC5)c3n2	O[C@H]1CC[C@H](Nc2ncc3nc(Nc4c(F)cc(F)cc4F)n([C@H]4CCOC4)c3n2)CC1	MAPK8,MAPK9,MAPK10		1	reversible	Phase II	CHEMBL1950289	11597537.0
Telatinib	CNC(=O)c1cc(COc2nnc(Nc3ccc(Cl)cc3)c4ccoc24)ccn1	CNC(=O)c1cc(COc2nnc(Nc3ccc(Cl)cc3)c3ccoc23)ccn1	KDR,FLT4,KIT	PDGFRA	0	reversible	Phase II	CHEMBL2079588	9808844.0
Tepotinib	CN1CCC(COc2cnc(nc2)c3cccc(CN4N=C(C=CC4=O)c5cccc(c5)C#N)c3)CC1	CN1CCC(COc2cnc(-c3cccc(Cn4nc(-c5cccc(C#N)c5)ccc4=O)c3)nc2)CC1	MET	IRAK4	1	reversible	Phase I/II	CHEMBL3402762	25171648.0
Tesevatinib	COc1cc2c(Nc3ccc(Cl)c(Cl)c3F)ncnc2cc1OC[C@@H]4C[C@@H]5CN(C)C[C@@H]5C4	COc1cc2c(Nc3ccc(Cl)c(Cl)c3F)ncnc2cc1OC[C@@H]1C[C@@H]2CN(C)C[C@@H]2C1	EGFR	ERBB2,KDR,EPHB4	0	reversible	Phase II	CHEMBL3544983	10458325.0
TG-100115	Nc1nc(N)c2nc(c3cccc(O)c3)c(nc2n1)c4cccc(O)c4	Nc1nc(N)c2nc(-c3cccc(O)c3)c(-c3cccc(O)c3)nc2n1	PIK3CD,PIK3CG		1	reversible	Phase I/II	CHEMBL230011	10427712.0
TG-100572	Cc1cc(cc2nnc(Nc3ccc(OCCN4CCCC4)cc3)nc12)c5cc(O)ccc5Cl	Cc1cc(-c2cc(O)ccc2Cl)cc2nnc(Nc3ccc(OCCN4CCCC4)cc3)nc12	SRC,KDR	FLT1,FGFR1,FYN	0	reversible	Phase II	CHEMBL400402	11712625.0
TG-100801	Cc1cc(cc2nnc(Nc3ccc(OCCN4CCCC4)cc3)nc12)c5cc(OC(=O)c6ccccc6)ccc5Cl	Cc1cc(-c2cc(OC(=O)c3ccccc3)ccc2Cl)cc2nnc(Nc3ccc(OCCN4CCCC4)cc3)nc12	SRC,KDR	FLT1,FGFR1,FYN	0	reversible	Phase II	CHEMBL403989	11973736.0
Tideglusib	O=C1SN(C(=O)N1Cc2ccccc2)c3cccc4ccccc34	O=c1sn(-c2cccc3ccccc23)c(=O)n1Cc1ccccc1	GSK3B		4	covalent	Phase II	CHEMBL3545157	11313622.0
Tivantinib	O=C1NC(=O)[C@H]([C@@H]1c2c[nH]c3ccccc23)c4cn5CCCc6cccc4c56	O=C1NC(=O)[C@@H](c2cn3c4c(cccc24)CCC3)[C@@H]1c1c[nH]c2ccccc12	MET	MST1R	2	reversible	Phase III	CHEMBL2103882	11494412.0
Tivozanib	COc1cc2nccc(Oc3ccc(NC(=O)Nc4cc(C)on4)c(Cl)c3)c2cc1OC	COc1cc2nccc(Oc3ccc(NC(=O)Nc4cc(C)on4)c(Cl)c3)c2cc1OC	FLT1,KDR,FLT4	PDGFRA,PDGFRB,KIT,EPHB2,TEK,EPHB4,FGFR1,MET,ABL1,SRC	2	reversible	Phase III	CHEMBL1289494	9911830.0
Tofacitinib	C[C@@H]1CCN(C[C@@H]1N(C)c2ncnc3[nH]ccc23)C(=O)CC#N	C[C@@H]1CCN(C(=O)CC#N)C[C@@H]1N(C)c1ncnc2[nH]ccc12	JAK3	JAK2,JAK1	1	reversible	approved	CHEMBL221959	9926791.0
Torisel	CO[C@@H]1C[C@H](C[C@@H](C)[C@@H]2CC(=O)[C@H](C)\C=C(/C)\[C@@H](O)[C@@H](OC)C(=O)[C@H](C)C[C@H](C)\C=C\C=C\C=C(/C)\[C@H](C[C@@H]3CC[C@@H](C)[C@@](O)(O3)C(=O)C(=O)N4CCCC[C@H]4C(=O)O2)OC)CC[C@H]1OC(=O)C(C)(CO)CO	CO[C@H]1C[C@@H]2CC[C@@H](C)[C@@](O)(O2)C(=O)C(=O)N2CCCC[C@H]2C(=O)O[C@H]([C@H](C)C[C@@H]2CC[C@@H](OC(=O)C(C)(CO)CO)[C@H](OC)C2)CC(=O)[C@H](C)/C=C(\C)[C@@H](O)[C@@H](OC)C(=O)[C@H](C)C[C@H](C)/C=C/C=C/C=C/1C	MTOR		0	reversible	approved	CHEMBL1201182	6918289.0
Tozasertib	CN1CCN(CC1)c2cc(Nc3cc(C)[nH]n3)nc(Sc4ccc(NC(=O)C5CC5)cc4)n2	Cc1cc(Nc2cc(N3CCN(C)CC3)nc(Sc3ccc(NC(=O)C4CC4)cc3)n2)n[nH]1	AURKA	AURKB,AURKC,FLT3,ABL1	1	reversible	Phase II	CHEMBL572878	5494449.0
Trametinib	CN1C(=O)C(=C2N(C(=O)N(C3CC3)C(=O)C2=C1Nc4ccc(I)cc4F)c5cccc(NC(=O)C)c5)C	CC(=O)Nc1cccc(-n2c(=O)n(C3CC3)c(=O)c3c(Nc4ccc(I)cc4F)n(C)c(=O)c(C)c32)c1	MAP2K1,MAP2K2		3	reversible	approved	CHEMBL2103875	11707110.0
Triciribine	CN1N=C(N)c2cn([C@@H]3O[C@H](COP(=O)(O)O)[C@@H](O)[C@H]3O)c4ncnc1c24	CN1N=C(N)c2cn([C@@H]3O[C@H](COP(=O)(O)O)[C@@H](O)[C@H]3O)c3ncnc1c23	AKT1		0	reversible	Phase I/II	CHEMBL462018	65399.0
UCN-01	CN[C@@H]1C[C@H]2O[C@@](C)([C@@H]1OC)n3c4ccccc4c5c6[C@H](O)NC(=O)c6c7c8ccccc8n2c7c35	CN[C@@H]1C[C@H]2O[C@@](C)([C@@H]1OC)n1c3ccccc3c3c4c(c5c6ccccc6n2c5c31)C(=O)N[C@H]4O	PRKCA,PRKCB,PRKCZ,PRKCH,PRKCG,PRKCD,PRKCI,PRKCE,PRKCQ	MAPKAPK2	1	reversible	Phase II	CHEMBL574737	3078519.0
Ulixertinib	CC(C)NC1=NC=C(C(=C1)C2=CNC(=C2)C(=O)NC(CO)C3=CC(=CC=C3)Cl)Cl	CC(C)Nc1cc(-c2c[nH]c(C(=O)NC(CO)c3cccc(Cl)c3)c2)c(Cl)cn1	MAPK3,MAPK1		0	reversible	Phase I	CHEMBL3545022	58641927.0
Uprosertib	Cn1ncc(Cl)c1c2cc(oc2Cl)C(=O)N[C@H](CN)Cc3ccc(F)c(F)c3	Cn1ncc(Cl)c1-c1cc(C(=O)N[C@H](CN)Cc2ccc(F)c(F)c2)oc1Cl	AKT1		0	reversible	Phase II	CHEMBL3137336	51042438.0
Vandetanib	COc1cc2c(Nc3ccc(Br)cc3F)ncnc2cc1OCC4CCN(C)CC4	COc1cc2c(Nc3ccc(Br)cc3F)ncnc2cc1OCC1CCN(C)CC1	KDR		1	reversible	approved	CHEMBL24828	3081361.0
Varlitinib	C[C@@H]1COC(=N1)Nc2ccc3ncnc(Nc4ccc(OCc5nccs5)c(Cl)c4)c3c2	C[C@@H]1COC(Nc2ccc3ncnc(Nc4ccc(OCc5nccs5)c(Cl)c4)c3c2)=N1	EGFR,ERBB2		0	reversible	Phase I	CHEMBL2103842	42642648.0
Vatalanib	Clc1ccc(Nc2nnc(Cc3ccncc3)c4ccccc24)cc1	Clc1ccc(Nc2nnc(Cc3ccncc3)c3ccccc23)cc1	KDR	FLT1,FLT4,PDGFRB,KIT	0	reversible	Phase III	CHEMBL101253	151194.0
Vemurafenib	CCCS(=O)(=O)Nc1ccc(F)c(C(=O)c2c[nH]c3ncc(cc23)c4ccc(Cl)cc4)c1F	CCCS(=O)(=O)Nc1ccc(F)c(C(=O)c2c[nH]c3ncc(-c4ccc(Cl)cc4)cc23)c1F	BRAF	SRMS,TNK2,CRAF,MAP4K5,FGR,LCK,BRK,NEK11,BLK,LYN,YES,WNK3	1	reversible	approved	CHEMBL1229517	42611257.0
Volasertib	CC[C@H]1N(C(C)C)c2nc(Nc3ccc(cc3OC)C(=O)N[C@@H]4CC[C@H](CC4)N5CCN(CC6CC6)CC5)ncc2N(C)C1=O	CC[C@@H]1C(=O)N(C)c2cnc(Nc3ccc(C(=O)N[C@H]4CC[C@H](N5CCN(CC6CC6)CC5)CC4)cc3OC)nc2N1C(C)C	PLK1	PLK2,PLK3	1	reversible	Phase III	CHEMBL1233528	10461508.0
Volitinib	C[C@@H](c1ccc2nccn2c1)n3nnc4ncc(nc34)c5cnn(C)c5	C[C@@H](c1ccc2nccn2c1)n1nnc2ncc(-c3cnn(C)c3)nc21	MET		0	reversible	Phase II	CHEMBL3334567	68289010.0
VX-702	NC(=O)N(c1ccc(C(=O)N)c(n1)c2ccc(F)cc2F)c3c(F)cccc3F	NC(=O)c1ccc(N(C(N)=O)c2c(F)cccc2F)nc1-c1ccc(F)cc1F	MAPK14	MAPK11,MAPK12,MAPK13	0	reversible	Phase II	CHEMBL1090090	10341154.0
X-396	C[C@@H](Oc1cc(nnc1N)C(=O)Nc2ccc(cc2)C(=O)N3CCN(C)CC3)c4c(Cl)ccc(F)c4Cl	C[C@@H](Oc1cc(C(=O)Nc2ccc(C(=O)N3CCN(C)CC3)cc2)nnc1N)c1c(Cl)ccc(F)c1Cl	ALK		0	reversible	Phase I/II	CHEMBL2376648	56960447.0
XL-019	O=C(Nc1ccc(cc1)c2ccnc(Nc3ccc(cc3)N4CCOCC4)n2)C5CCCN5	O=C(Nc1ccc(-c2ccnc(Nc3ccc(N4CCOCC4)cc3)n2)cc1)C1CCCN1	JAK2	JAK1,JAK3,TYK,PDGFRB,FLT3,KIT,RPS6KB1,RPS6KB2,MAP3K9,IKBKB,KDR,PDGFRA,FLT4,FLT1	1	reversible	Phase I	CHEMBL3545328	57990770.0
XL-228	CC(C)c1cc(CNc2nc(Nc3cc([nH]n3)C4CC4)cc(n2)N5CCN(C)CC5)on1	CC(C)c1cc(CNc2nc(Nc3cc(C4CC4)[nH]n3)cc(N3CCN(C)CC3)n2)on1	IGF1R,AURKA,AURKB,AURKC,FGFR1,FGFR2,FGFR3,ABL1,ALK,SRC,YES,FYN,FGR,LCK,HCK,BLK,LYN,FRK		0	reversible	Phase I	CHEMBL3545085	59757974.0
XL-413	Clc1ccc2oc3C(=O)NC(=Nc3c2c1)C4CCCN4	O=c1[nH]c(C2CCCN2)nc2c1oc1ccc(Cl)cc12	CDC7	CSNK2A1,CSNK2A2,PIM1	1	reversible	Phase I/II	CHEMBL3544944	92131070.0
XL-765	CCN1C(=O)C(=Cc2c(C)nc(N)nc12)c3cc[nH]n3	CCn1c(=O)c(-c2cc[nH]n2)cc2c(C)nc(N)nc21	PIK3CG	PIK3CA,PIK3CB,PIK3CD,MTOR,PRKDC	0	reversible	Phase II	CHEMBL3545366	49867926.0
Y-39983	C[C@@H](N)c1ccc(cc1)C(=O)Nc2ccnc3[nH]ccc23	C[C@@H](N)c1ccc(C(=O)Nc2ccnc3[nH]ccc23)cc1	ROCK1	PRKCA,PRKCB,PRKCZ,PRKCH,PRKCG,PRKCD,PRKCI,PRKCE,PRKCQ,CAMK2A,CAMK2B,CAMK2D,CAMK2G	0	reversible	Phase I	CHEMBL571948	9810884.0
