sample_name	target	stratum	canonical_smiles	leakage_class	iptm	interface_pae_min	max_tanimoto_to_training	max_tanimoto_to_approved	intended_target_cosine	intended_target_rank	max_off_target_cosine	mean_off_target_cosine	n_off_targets_named	n_off_targets_with_cos	n_off_targets_exact	selectivity_score	qed	mw	logp	ro5_compliant	selectivity_rank
dec_ALK_0044	ALK	top_cosine	COc1cc2c(cc1N1CCN(C)CC1)C(C)(C)c1[nH]c3cc(C(=O)NCCCBr)ccc3c1C2=O	C	0.95	1.64	0.494	0.3711	0.3238	1	0.0930	0.0787	4	4	4	0.2351	0.3516	553.5	4.313	False	1
dec_ALK_0020	ALK	top_cosine	CC(=O)Oc1ccc2c(c1)C(C)(C)c1[nH]c3cc(NCCO)ccc3c1C2=O	C	0.91	2.54	0.5342	0.3222	0.3492	1	0.1269	0.0962	4	4	4	0.2315	0.4783	378.43	3.368	True	2
dec_ALK_0017	ALK	top_cosine	CC1(CS)c2cc(OCCN3CCCC3)ccc2C(=O)c2c1[nH]c1cc(C#N)ccc21	C	0.9	2.4	0.6986	0.3956	0.3539	1	0.1456	0.1147	4	4	4	0.2176	0.5914	431.56	4.294	True	3
dec_ALK_0016	ALK	top_cosine	CCC1(C)c2cc(OC[C@@H](O)[C@H](O)CO)ccc2C(=O)c2c1[nH]c1cc(C#N)ccc21	C	0.93	1.86	0.7206	0.3736	0.3541	1	0.1670	0.1345	4	4	4	0.1969	0.485	420.47	2.393	True	4
dec_ALK_0022	ALK	top_cosine	CC1(CS)c2cc(OCCN3CCN(Cc4ccccc4)CC3)ccc2C(=O)c2c1[nH]c1cc(C#N)ccc21	C	0.9	2.04	0.6375	0.3673	0.3446	1	0.1568	0.1329	4	4	4	0.1950	0.3249	536.7	5.016	False	5
dec_ALK_0064	ALK	mid_cosine	CCN(CCBr)CCOc1ccc2c(c1)C(C)(C)c1[nH]c3cc(C#N)c(C#N)cc3c1C2=O	C	0.85	3.39	0.8154	0.3478	0.3028	2	0.1264	0.0905	4	4	4	0.1872	0.4625	505.42	4.877	False	6
dec_ALK_0040	ALK	top_cosine	CC1(CS)c2cc(OCCN3CCCCC3)ccc2C(=O)c2c1[nH]c1cc(C#N)ccc21	C	0.92	1.96	0.6892	0.3913	0.3258	1	0.1589	0.1207	4	4	4	0.1784	0.5595	445.59	4.684	True	7
dec_ALK_0046	ALK	top_cosine	CC1(CS)c2cc(OC[C@@H](O)CO)ccc2C(=O)c2c1[nH]c1cc(C#N)ccc21	C	0.9	2.49	0.7313	0.3587	0.3231	1	0.1567	0.1210	4	4	4	0.1771	0.4857	408.48	2.552	True	8
dec_ALK_0028	ALK	top_cosine	CC1(CO)c2cc(OC[C@@H](O)CO)ccc2C(=O)c2c1[nH]c1cc(C#N)ccc21	C	0.92	1.77	0.7538	0.3667	0.3377	1	0.1731	0.1339	4	4	4	0.1764	0.5226	392.41	1.614	True	9
dec_ALK_0032	ALK	top_cosine	CC1(CO)c2cc(OC[C@H](O)CO)ccc2C(=O)c2c1[nH]c1cc(C#N)ccc21	C	0.92	1.76	0.7538	0.3667	0.3343	1	0.1696	0.1340	4	4	4	0.1754	0.5226	392.41	1.614	True	10
dec_ALK_0057	ALK	scaffold_div	CC1(C)c2cc(OCC(=O)N3CCOCC3)c(Cl)cc2C(=O)c2c1oc1cc([S+]([O-])CP)ccc21	C	0.94	1.68	0.4348	0.2617	0.3119	1	0.1587	0.1015	4	4	4	0.1704	0.3615	533.97	4.134	False	11
dec_ALK_0007	ALK	top_cosine	CCC1(C)c2cc(OC[C@@H](O)CO)ccc2C(=O)c2c1oc1cc(C#N)ccc21	C	0.9	2.29	0.6286	0.2755	0.3713	1	0.2181	0.1619	4	4	4	0.1700	0.6916	391.42	3.297	True	12
dec_BTK_0078	BTK	top_cosine	NCOc1ccccc1Oc1ccc(-c2nc(C34CCC(C(=O)O)(CC3)CC4)n3ccnc(N)c23)cc1	C	0.97	0.82	0.557	0.3229	0.3102	2	0.2412	0.1763	7	7	7	0.0885	0.31	499.57	4.742	True	1
dec_BTK_0086	BTK	top_cosine	CC(C)(CBr)OC(=O)N1CCC[C@@H](NC(=O)c2sc3nccc4c3c2NC(=O)N4c2ccc(Oc3ccccc3)cc2)C1	C	0.95	0.9	0.8659	0.2613	0.3028	2	0.2565	0.1585	7	7	7	0.0757	0.201	664.58	7.277	False	2
dec_BTK_0087	BTK	top_cosine	Nc1c(C(=O)c2cc3c(-c4ccccc4)cccc3[nH]2)cnn1-c1ccc(Oc2ccccc2)cc1CCl	C	0.96	0.95	0.6375	0.2059	0.3027	1	0.2549	0.1754	7	7	7	0.0717	0.1706	519.0	7.365	False	3
dec_BTK_0104	BTK	top_cosine	NCOCC(=O)N1CC=C(c2cc3c(-c4cccc(-n5ccc6cc(C7CC7)cc(F)c6c5=O)c4CO)ccnc3[nH]2)CC1	C	0.97	0.8	0.8261	0.1575	0.2926	2	0.2680	0.1136	7	7	7	0.0709	0.2261	593.66	4.591	False	4
dec_BTK_0084	BTK	top_cosine	NCOc1ccccc1Oc1ccc(-c2nc(C34CCC(CO)(CC3)OC4)n3ccnc(N)c23)cc1	C	0.97	0.83	0.7568	0.3	0.3050	1	0.2541	0.1905	7	7	7	0.0700	0.337	487.56	3.639	True	5
dec_BTK_0116	BTK	top_cosine	NC=CC(=O)N1CC=C(c2cc3c(-c4cccc(-n5ccc6cc(C7CC7)cc(F)c6c5=O)c4CO)ccnc3[nH]2)CC1	C	0.98	0.79	0.8352	0.168	0.2885	2	0.2631	0.1149	7	7	7	0.0699	0.2428	575.64	5.131	False	6
dec_BTK_0133	BTK	scaffold_div	CCn1cc(Nc2nc(N[C@@H]3CCN(C(=O)C=CP)C3)c3c(Cl)c[nH]c3n2)cn1	C	0.97	0.85	0.7808	0.1869	0.2915	1	0.2283	0.2127	7	7	7	0.0679	0.4084	432.86	2.973	True	7
dec_BTK_0149	BTK	scaffold_div	CC(C)(CF)c1cc(F)c2c(=O)n(-c3cccc(-n4cc(C(N)=O)c(N)n4)c3CO)ncc2c1	C	0.98	0.87	0.6667	0.1351	0.2866	1	0.2650	0.1144	7	7	7	0.0668	0.3958	468.46	2.131	True	8
dec_BTK_0153	BTK	mid_cosine	CC(C)(CF)c1cc(F)c2c(=O)n(-c3cccc(-n4cc(C(N)=O)c(N)n4)c3CO)ncc2c1	C	0.98	0.87	0.6667	0.1351	0.2866	1	0.2650	0.1144	7	7	7	0.0668	0.3958	468.46	2.131	True	9
dec_BTK_0077	BTK	top_cosine	CC(C)(O)C1CCc2c([nH]c3c(C(N)=O)ccc(-c4cc(F)cc(NC(=O)C=CF)c4)c23)C1	C	0.98	0.84	0.6753	0.1455	0.3110	2	0.2762	0.1767	7	7	7	0.0646	0.4309	453.49	4.37	True	10
dec_BTK_0139	BTK	scaffold_div	N#CN1CCCCC(c2nc(-c3ccc(Oc4cccc(CCl)c4F)cc3)c3c(N)nccn23)C1	C	0.97	0.84	0.5281	0.3398	0.2750	2	0.2223	0.1844	7	7	7	0.0641	0.2848	490.97	5.699	False	11
dec_BTK_0141	BTK	scaffold_div	CC=CC(=O)N[C@H]1CC[C@@H](Nc2ncnc3[nH]cc(C(=O)c4ccc(OC)cc4F)c23)CC1	C	0.96	0.87	0.6056	0.1961	0.2749	2	0.2325	0.1614	7	7	7	0.0637	0.3729	451.5	3.752	True	12
dec_BTK_0151	BTK	mid_cosine	O=C(C#CCBr)N1CC=C(c2cc3c(-c4cccc(-n5ccc6cc(C7CC7)cc(F)c6c5=O)c4CO)ncnc3[nH]2)CC1	C	0.98	0.79	0.8191	0.1729	0.2707	2	0.2450	0.1183	7	7	7	0.0637	0.1943	652.52	5.452	False	13
dec_BTK_0123	BTK	scaffold_div	N#C/C(=C\C1CC1)C(=O)N1CCC[C@@H](NC(=O)c2sc3nccc4c3c2NC(=O)N4c2ccc(Oc3ccccc3)cc2CF)C1	C	0.95	0.85	0.8804	0.2542	0.2847	2	0.2504	0.1558	7	7	7	0.0627	0.1614	636.71	6.822	False	14
dec_BTK_0117	BTK	top_cosine	Cc1cc(Oc2ncccc2C)ccc1N1C(=O)Nc2c(C(=O)N[C@@H]3CCCN(C(=O)C=CS)C3)sc3nccc1c23	C	0.96	0.88	0.7609	0.2308	0.2873	2	0.2460	0.1753	7	7	7	0.0625	0.1861	600.73	5.948	False	15
dec_BTK_0128	BTK	scaffold_div	CC(C)(C)c1ccc(C(=O)Nc2cccc(-c3ccc(C(N)=O)c4[nH]c(C5CCC(=O)NC5)nc34)c2CP)cc1	C	0.89	1.72	0.4302	0.2193	0.2853	1	0.2513	0.1578	7	7	7	0.0620	0.2423	555.62	5.247	False	16
dec_BTK_0125	BTK	scaffold_div	Cc1cc(Oc2ccccc2)ncc1N1C(=O)Nc2c(C(=O)N[C@@H]3CCC[C@@H]3NC(=O)C=CS)sc3nccc1c23	C	0.97	0.88	0.8537	0.2018	0.2830	2	0.2451	0.1651	7	7	7	0.0619	0.163	586.7	5.686	False	17
dec_BTK_0111	BTK	top_cosine	CC(C)(C=C(C#N)C(=O)N1CCC[C@@H]1Cn1nc(-c2ccc(Oc3ccccc3)cc2F)c2c(N)ncnc21)CCl	C	0.95	0.83	0.881	0.3786	0.2902	2	0.2476	0.1874	7	7	7	0.0606	0.1625	574.06	5.713	False	18
dec_BTK_0119	BTK	top_cosine	CC(C)(O)C1CCc2c([nH]c3c(C(N)=O)ccc(-c4cccc(NC(=O)C(=O)CBr)c4)c23)C1	C	0.98	0.85	0.7534	0.1468	0.2870	2	0.2591	0.1551	7	7	7	0.0591	0.2969	512.4	3.712	False	19
dec_BTK_0113	BTK	top_cosine	CC(C)(C=C(C#N)C(=O)N1CCC[C@@H]1Cn1nc(-c2ccc(Oc3ccccc3)cc2F)c2c(N)ncnc21)CO	C	0.95	0.82	0.8916	0.3824	0.2893	2	0.2504	0.1834	7	7	7	0.0590	0.2395	555.61	4.466	False	20
dec_CDK4_0174	CDK4	top_cosine	FCC1CN(c2ccc(Nc3ncc4c5ccncc5n(C5CCCC5)c4n3)nn2)CCN1	C	0.94	0.87	0.8714	0.3956	0.3468	1	0.1888	0.1462	4	4	4	0.1708	0.4807	447.52	3.376	True	1
dec_CDK4_0175	CDK4	top_cosine	NC[C@H]1CCCN1C1CN(c2ccc(Nc3ncc4c5ccncc5n(C5CCCC5)c4n3)nn2)CCN1	C	0.92	0.88	0.7308	0.3636	0.3459	1	0.1896	0.1494	4	4	4	0.1683	0.3542	513.65	2.787	False	2
dec_CDK4_0188	CDK4	top_cosine	SCCC1CN(C2CCN(c3ccc(Nc4ncc5c6ccncc6n(C6CCCC6)c5n4)nn3)CC2)CCO1	C	0.92	0.87	0.7532	0.3107	0.3319	2	0.1863	0.1367	4	4	4	0.1605	0.3145	559.74	4.618	False	3
dec_CDK4_0164	CDK4	top_cosine	OOC1CCN(c2ccc(Nc3ncc4c5ccncc5n(C5CCCC5)c4n3)nn2)CC1	C	0.95	0.86	0.8413	0.375	0.3657	1	0.2196	0.1789	4	4	4	0.1583	0.3455	446.52	4.087	True	4
dec_CDK4_0167	CDK4	top_cosine	CN(CO)CC(O)COc1ccc(Nc2ncc3c4ccncc4n(C4CCCC4)c3n2)nn1	C	0.93	0.89	0.6447	0.3333	0.3560	2	0.2161	0.1564	4	4	4	0.1578	0.3166	464.53	2.249	True	5
dec_CDK4_0161	CDK4	top_cosine	CC1CN(c2ccc(Nc3ncc4c5ccncc5n(C5CCCC5)c4n3)nn2)CC(CO)N1	C	0.93	0.86	0.8657	0.3913	0.3949	1	0.2598	0.1912	4	4	4	0.1557	0.414	459.56	2.787	True	6
dec_CDK4_0171	CDK4	top_cosine	SNC1CCN(c2ccc(Nc3ncc4c5ccncc5n(C5CCCC5)c4n3)nn2)CC1	C	0.94	0.86	0.8438	0.3596	0.3491	1	0.2140	0.1687	4	4	4	0.1487	0.3835	461.6	4.031	True	7
dec_CDK4_0162	CDK4	top_cosine	CC1CN(c2ccc(Nc3ncc4c5ccncc5n(C5CCCC5)c4n3)nn2)CC(CN)N1	C	0.93	0.88	0.8529	0.3579	0.3711	1	0.2412	0.1834	4	4	4	0.1472	0.4141	458.57	2.754	True	8
dec_CDK4_0177	CDK4	top_cosine	OOCC1CCN(c2ccc(Nc3ncc4c5ccncc5n(C5CCCC5)c4n3)nn2)CC1	C	0.94	0.86	0.8358	0.3736	0.3412	2	0.2060	0.1698	4	4	4	0.1461	0.3203	460.54	4.334	True	9
dec_CDK4_0194	CDK4	top_cosine	CC(CN)N1CCOc2c(F)cc(-c3nc(Nc4ccc(N5CCN(C)CC5)cn4)ncc3F)cc21	C	0.95	0.88	0.7403	0.383	0.3278	2	0.1988	0.1423	4	4	4	0.1459	0.5341	496.57	2.858	True	10
dec_CDK4_0172	CDK4	top_cosine	CN(CN)CC(O)COc1ccc(Nc2ncc3c4ccncc4n(C4CCCC4)c3n2)nc1	C	0.93	0.87	0.5823	0.3684	0.3488	2	0.2190	0.1704	4	4	4	0.1444	0.3217	462.56	2.821	True	11
dec_CDK4_0220	CDK4	mid_cosine	CC(CN)Nc1ccc(Nc2ncc3c4ccncc4n(C4CCCC4)c3n2)nn1	C	0.95	0.89	0.8387	0.3523	0.3093	1	0.1747	0.1433	4	4	4	0.1440	0.4481	403.49	3.387	True	12
dec_CDK4_0219	CDK4	mid_cosine	CCC[C@@H](C)n1c2cnccc2c2cnc(Nc3ccc(N4CCC(N(C)C)CC4)nn3)nc21	C	0.94	0.87	0.8824	0.2626	0.3094	1	0.1750	0.1477	4	4	4	0.1426	0.4349	459.6	4.405	True	13
dec_CDK4_0206	CDK4	top_cosine	CC(CO)N1CCC(c2ccc(Nc3ncc4c5ccncc5n(C5CCCC5)c4n3)nc2)CC1	C	0.94	0.87	0.7	0.3846	0.3240	2	0.2005	0.1540	4	4	4	0.1375	0.4175	471.61	4.793	True	14
dec_CDK4_0205	CDK4	top_cosine	CN(CS)C1CCN(c2ccc(Nc3ncc4c5ccncc5n(C5CCCC5)c4n3)nn2)CC1	C	0.94	0.87	0.8451	0.3511	0.3241	2	0.2040	0.1472	4	4	4	0.1371	0.3041	489.65	4.416	True	15
dec_CDK4_0196	CDK4	top_cosine	OCC(CCCl)n1c2cnccc2c2cnc(Nc3ccc(N4CCNCC4)nn3)nc21	C	0.95	0.88	0.7826	0.3125	0.3272	2	0.1991	0.1730	4	4	4	0.1359	0.3613	453.94	2.085	True	16
dec_CDK4_0169	CDK4	top_cosine	CC1CN(c2ccc(Nc3ncc4c5ccncc5n(C5CCCC5)c4n3)nn2)CC(CCl)N1	C	0.93	0.87	0.8529	0.3579	0.3546	1	0.2371	0.1824	4	4	4	0.1339	0.4157	478.0	4.034	True	17
dec_CDK4_0183	CDK4	top_cosine	CN(CF)C1CCN(Cc2ccc(Nc3ncc4c5ccncc5n(C5CCCC5)c4n3)nc2)CC1	C	0.94	0.86	0.7606	0.3617	0.3372	2	0.2183	0.1714	4	4	4	0.1330	0.3647	488.62	5.056	False	18
dec_CDK4_0222	CDK4	mid_cosine	CC(CN)N1CCOc2c(F)cc(-c3nc(Nc4ccc(N5CCC(N(C)C)CC5)cn4)ncc3F)cc21	C	0.94	0.9	0.8533	0.3636	0.3090	2	0.1951	0.1395	4	4	4	0.1306	0.4803	524.62	3.637	False	19
dec_CDK4_0221	CDK4	mid_cosine	SCCN1CCN(Cc2ccc(Nc3ncc4c5ccncc5n(C5CCCCC5)c4n3)nc2)CC1	C	0.94	0.86	0.7794	0.3626	0.3092	2	0.1912	0.1510	4	4	4	0.1301	0.3558	502.69	4.671	False	20
dec_CDK6_0243	CDK6	top_cosine	CCS(=O)(=O)CCN1CCC(c2ccc(Nc3ncc4c5ccncc5n(C5CCCC5)c4n3)nc2)CC1	C	0.95	0.82	0.6757	0.3871	0.3539	1	0.1599	0.1423	4	4	4	0.1993	0.3427	533.7	4.847	False	1
dec_CDK6_0244	CDK6	top_cosine	OOC[C@@H](O)CNC1CCN(c2ccc(Nc3ncc4c5ccncc5n(C5CCCC5)c4n3)nn2)CC1	C	0.93	0.84	0.8533	0.33	0.3568	1	0.1905	0.1426	4	4	4	0.1807	0.1911	519.61	3.037	False	2
dec_CDK6_0250	CDK6	top_cosine	CCCC(CC)n1c2cnccc2c2cnc(Nc3ccc(N4CCNCC4)nn3)nc21	C	0.96	0.83	0.806	0.3191	0.3395	1	0.1674	0.1499	4	4	4	0.1773	0.4575	431.55	3.674	True	3
dec_CDK6_0261	CDK6	top_cosine	CCCN1CCN(Cc2ccc(Nc3ncc4c5ccncc5n(C5CCCC5)c4n3)nc2)CC1	C	0.96	0.82	0.791	0.382	0.3493	1	0.1856	0.1451	4	4	4	0.1758	0.4173	470.63	4.761	True	4
dec_CDK6_0268	CDK6	top_cosine	O=C(OCCCl)C1CCN(c2ccc(Nc3ncc4c5ccncc5n(C5CCCC5)c4n3)nn2)CC1	C	0.94	0.83	0.7162	0.3608	0.3428	1	0.1800	0.1447	4	4	4	0.1734	0.2752	521.03	4.627	False	5
dec_CDK6_0255	CDK6	top_cosine	CC(CN)N1CCOc2c(F)cc(-c3nc(Nc4ccc(C5CCN(C)CC5)cn4)ncc3F)cc21	C	0.96	0.82	0.8472	0.375	0.3341	1	0.1788	0.1359	4	4	4	0.1682	0.5319	495.58	3.916	True	6
dec_CDK6_0254	CDK6	top_cosine	CN(CN)C1CCN(c2ccc(Nc3ncc4c5ccncc5n(C5CCCC5)c4n3)nn2)CC1	C	0.95	0.84	0.8451	0.3511	0.3562	1	0.2058	0.1595	4	4	4	0.1643	0.4073	472.6	3.445	True	7
dec_CDK6_0285	CDK6	mid_cosine	CCCN1CCN(c2ccc(Nc3ncc4c5ccnc(F)c5n(C5CCCC5)c4n3)nn2)CC1	C	0.95	0.83	0.7778	0.3548	0.3354	1	0.1847	0.1468	4	4	4	0.1621	0.4132	475.58	4.299	True	8
dec_CDK6_0246	CDK6	top_cosine	CC(CN)N1CCOc2c(F)cc(-c3nc(Nc4ccc(N5CCN(C)CC5)cn4)ncc3F)cc21	C	0.96	0.83	0.7403	0.383	0.3429	1	0.1988	0.1423	4	4	4	0.1610	0.5341	496.57	2.858	True	9
dec_CDK6_0263	CDK6	top_cosine	FCC1CN(c2ccc(Nc3ncc4c5ccncc5n(C5CCCC5)c4n3)nn2)CCN1	C	0.95	0.83	0.8714	0.3956	0.3350	2	0.1888	0.1462	4	4	4	0.1590	0.4807	447.52	3.376	True	10
dec_CDK6_0229	CDK6	top_cosine	O=C(CP)N[C@@H]1CCCN(c2ccc(Nc3ncc4c5ccncc5n(C5CCCC5)c4n3)nn2)C1	C	0.93	0.84	0.7333	0.375	0.3687	1	0.2221	0.1886	4	4	4	0.1567	0.384	503.55	3.588	False	11
dec_CDK6_0231	CDK6	top_cosine	CN(CF)C1CCN(Cc2ccc(Nc3ncc4c5ccncc5n(C5CCCC5)c4n3)nc2)CC1	C	0.95	0.82	0.7606	0.3617	0.3603	1	0.2183	0.1714	4	4	4	0.1561	0.3647	488.62	5.056	False	12
dec_CDK6_0286	CDK6	mid_cosine	CC(CCN)N1CCOc2c(F)cc(-c3nc(Nc4ccc(N5CCNCC5)cn4)ncc3F)cc21	C	0.96	0.83	0.8333	0.375	0.3189	1	0.1765	0.1375	4	4	4	0.1541	0.4554	496.57	2.906	True	13
dec_CDK6_0278	CDK6	top_cosine	OCOCC(O)CN1CCC(c2ccc(Nc3ncc4c5ccncc5n(C5CCCC5)c4n3)nc2)CC1	C	0.94	0.83	0.6447	0.3469	0.3314	1	0.1913	0.1494	4	4	4	0.1527	0.2851	517.63	3.74	False	14
dec_CDK6_0259	CDK6	top_cosine	SOCCN1CCN(c2ccc(Nc3ncc4c5ccncc5n(C5CCCC5)c4n3)nn2)CC1	C	0.95	0.83	0.8551	0.3404	0.3428	1	0.2032	0.1611	4	4	4	0.1522	0.2967	491.63	3.612	True	15
dec_CDK6_0239	CDK6	top_cosine	SNC1CCN(c2ccc(Nc3ncc4c5ccncc5n(C5CCCC5)c4n3)nn2)CC1	C	0.95	0.83	0.8438	0.3596	0.3481	2	0.2140	0.1687	4	4	4	0.1477	0.3835	461.6	4.031	True	16
dec_CDK6_0252	CDK6	top_cosine	OCN1CCN(Cc2ccc(Nc3ncc4c5ccncc5n(C5CCCC5)c4n3)nc2)CC1	C	0.96	0.82	0.8438	0.3908	0.3402	1	0.2029	0.1709	4	4	4	0.1469	0.4545	458.57	3.301	True	17
dec_CDK6_0274	CDK6	top_cosine	CC(CS)N1CCOc2c(F)cc(-c3nc(Nc4ccc(C5CCN(C)CC5)cn4)ncc3F)cc21	C	0.95	0.85	0.8472	0.375	0.3299	1	0.2048	0.1420	4	4	4	0.1439	0.4563	512.63	4.887	False	18
dec_CDK6_0269	CDK6	top_cosine	SOCC1CCN(c2ccc(Nc3ncc4c5ccncc5n(C5CCCC5)c4n3)nn2)CC1	C	0.95	0.83	0.8088	0.3587	0.3355	1	0.2060	0.1610	4	4	4	0.1430	0.3054	476.61	4.706	True	19
dec_CDK6_0262	CDK6	top_cosine	OCCNC1CCN(Cc2ccc(Nc3ncc4c5ccncc5n(C5CCCC5)c4n3)nc2)CC1	C	0.95	0.82	0.7971	0.3656	0.3424	1	0.2117	0.1721	4	4	4	0.1426	0.3457	486.62	3.78	True	20
dec_EGFR_0344	EGFR	scaffold_div	CN1CCc2c(cnn2C)-c2cc(Nc3ncc(F)c(Nc4ccc5nccnc5c4P(C)(C)=O)n3)c(OCBr)cc21	C	0.98	1.07	0.663	0.2119	0.2908	1	0.2455	0.2420	3	2	2	0.0463	0.1742	652.47	5.418	False	1
dec_EGFR_0376	EGFR	mid_cosine	CN1CCc2c(cnn2C)-c2cc(Nc3ncc(Br)c(Nc4ccc5nccnc5c4N(C)S(C)(=O)=O)n3)c(OCO)cc21	C	0.98	1.1	0.7609	0.2276	0.2779	1	0.2389	0.2344	3	2	2	0.0403	0.2036	681.58	3.787	False	2
dec_EGFR_0314	EGFR	top_cosine	CCOc1cccc(-c2cc3c(N[C@H](C)c4ccccc4)ncnc3[nH]2)c1	C	0.97	1.21	0.74	0.2152	0.3071	2	0.2696	0.2649	3	2	2	0.0389	0.4974	358.45	5.197	False	3
dec_EGFR_0315	EGFR	top_cosine	Cc1cc(Nc2ncc(Br)c(Nc3ccccc3NS(C)(=O)=O)n2)c(OCBr)cc1N1CCC(N2CCN(C)CC2)CC1	C	0.95	1.23	0.6207	0.2137	0.2828	1	0.2491	0.2457	3	2	2	0.0347	0.2354	738.55	5.354	False	4
dec_EGFR_0340	EGFR	top_cosine	C[C@@H](Nc1ncnc2oc(-c3ccc(OCF)cc3)cc12)c1ccccc1	C	0.97	1.21	0.7925	0.2323	0.2842	2	0.2556	0.2555	3	2	2	0.0286	0.499	363.39	5.369	False	5
dec_EGFR_0300	EGFR	top_cosine	N#Cc1cnc2c(Cl)cc(N[C@H](C3=CN(CCCCCCBr)NN3)c3ccc4nccnc4c3)cc2c1Nc1ccc(F)c(Cl)c1	C	0.87	2.94	0.6739	0.25	0.3005	1	0.2743	0.2713	3	2	2	0.0271	0.0744	721.47	8.514	False	6
dec_EGFR_0333	EGFR	top_cosine	CC=CC(=O)Nc1cccc(Nc2nc(Nc3ccc(N4CCN(C)CC4)cc3OC)ncc2C(F)(F)F)c1	C	0.97	1.12	0.7595	0.3048	0.2909	1	0.2693	0.2650	3	2	2	0.0229	0.3328	541.58	5.258	False	7
dec_EGFR_0361	EGFR	scaffold_div	CC(C)(CS)CNc1c(C#N)cnc2c(Cl)cc(N[C@H](C3=CN(C4(C(F)F)CC4)NN3)c3cccc4cnccc34)c(OCCF)c12	C	0.88	2.71	0.6827	0.1351	0.2577	1	0.2389	0.2291	3	2	2	0.0217	0.094	683.2	7.141	False	8
dec_EGFR_0303	EGFR	top_cosine	N#Cc1cnc2c(Cl)cc(N[C@H](C3=CN(C4CC4)NN3)c3cccnc3)cc2c1N[C@H](CCP)c1ccccc1	C	0.86	2.95	0.8831	0.1575	0.2936	1	0.2758	0.2650	3	2	2	0.0211	0.1714	569.05	6.055	False	9
dec_EGFR_0299	EGFR	top_cosine	O=C1CSC(N2N=C(c3ccc(CBr)cc3)CC2c2ccc(Cl)cc2)=N1	C	0.83	3.44	0.8367	0.1154	0.3038	1	0.2838	0.2808	3	2	2	0.0209	0.6197	448.77	5.015	False	10
dec_EGFR_0316	EGFR	top_cosine	CCC(C)(C)CNc1c(C#N)cnc2c(Cl)cc(N[C@@H](C3=CN(C4CC4)NN3)c3cccnc3)cc12	C	0.88	2.71	0.7927	0.1575	0.2781	1	0.2593	0.2522	3	2	2	0.0209	0.3047	503.05	5.485	False	11
dec_EGFR_0342	EGFR	top_cosine	CCC(C)(C)CNc1c(C#N)cnc2c(C#N)cc(NC(C3=CN(C4(C(F)F)CC4)NN3)c3ccc(Cl)c4cnccc34)cc12	C	0.79	4.23	0.809	0.1349	0.2665	1	0.2471	0.2420	3	2	2	0.0209	0.1451	628.13	7.145	False	12
dec_EGFR_0331	EGFR	top_cosine	CN(C)C/C=C/C(=O)Nc1ccc(Oc2nc(Nc3ccc(N4CCC(N(C)C)CC4)cc3OCN)ncc2Cl)cc1	C	0.95	1.2	0.7558	0.3694	0.2816	1	0.2615	0.2600	3	2	2	0.0206	0.2034	595.15	4.548	False	13
dec_EGFR_0363	EGFR	scaffold_div	C[C@@H](Nc1ncnc2[nH]c(-c3ccccc3OCO)cc12)c1ccccc1	C	0.97	1.24	0.8269	0.2179	0.2669	1	0.2495	0.2405	3	2	2	0.0201	0.4505	360.42	4.127	True	14
dec_EGFR_0325	EGFR	top_cosine	CC(C)(CBr)CNc1c(C#N)cnc2c(C#N)cc(N[C@H](C3=CN(C4(C(F)(F)F)CC4)NN3)c3cccc4ccccc34)cc12	C	0.8	3.5	0.7841	0.125	0.2753	1	0.2584	0.2515	3	2	2	0.0190	0.1362	675.56	7.379	False	15
dec_EGFR_0317	EGFR	top_cosine	CCC(C)(C)CNc1c(C#N)cnc2c(C#N)cc(N[C@H](C3=CN(C4(C(F)F)CC4)NN3)c3cccc4ncsc34)cc12	C	0.82	3.42	0.9167	0.1316	0.2763	1	0.2604	0.2515	3	2	2	0.0186	0.1605	599.72	6.553	False	16
dec_EGFR_0306	EGFR	top_cosine	CC(C)(CP)CNc1c(C#N)cnc2c(Cl)cc(N[C@H](C3=CN(C4(C(F)(F)F)CC4)NN3)c3ccc(F)c4ncccc34)cc12	C	0.83	3.43	0.8977	0.168	0.2885	1	0.2717	0.2670	3	2	2	0.0182	0.1111	657.06	7.175	False	17
dec_EGFR_0311	EGFR	top_cosine	CCC(C)(C)N1CCC(N2C=C([C@@H](Nc3cc(Cl)c4ncc(C#N)c(Nc5ccc(F)c(Cl)c5)c4c3)c3csc4c3C(=O)NC4)NN2)CC1	C	0.9	2.15	0.75	0.2308	0.2825	1	0.2671	0.2586	3	2	2	0.0179	0.1193	720.71	7.573	False	18
dec_EGFR_0302	EGFR	top_cosine	C[C@@H](Nc1ncnc2[nH]c(-c3ccc(OCS)cc3)cc12)c1ccccc1	C	0.97	1.25	0.7885	0.2179	0.3064	2	0.2927	0.2791	3	2	2	0.0178	0.3249	376.49	5.064	False	19
dec_EGFR_0323	EGFR	top_cosine	CCC(C)(C)CNc1c(C#N)cnc2c(C#N)cc(N[C@H](C3=CN(C4(C(F)F)CC4)NN3)c3cccc4cn[nH]c34)cc12	C	0.84	3.02	0.7283	0.1228	0.2745	1	0.2593	0.2507	3	2	2	0.0178	0.1564	582.66	5.82	False	20
dec_F11_0448	F11	mid_cosine	CC1(CCl)C(=O)Nc2ccc(-c3cnc([C@@H]4CCC5CC(c6c(-n7cnnn7)ccc(Cl)c6F)=CC(=O)N54)[nH]3)cc21	C	0.97	0.89	0.7391	0.1367	0.3235	1	0.1372	0.0675	8	8	8	0.2072	0.3206	593.45	4.813	False	1
dec_F11_0387	F11	top_cosine	O=C1C=C(c2c(-n3cnnn3)ccc(Cl)c2F)C[C@H]2CC[C@@H](c3nc(-c4ccnc(CNP)c4F)c[nH]3)N12	C	0.98	0.86	0.8161	0.1324	0.3800	1	0.2170	0.0748	8	8	8	0.2056	0.3477	555.92	3.778	False	2
dec_F11_0415	F11	top_cosine	NCOc1ccc(-c2cnc([C@@H]3CC[C@@H]4CC(c5c(-n6cnnn6)ccc(Cl)c5F)=CC(=O)N43)[nH]2)c(F)n1	C	0.97	0.88	0.8171	0.1515	0.3408	1	0.1615	0.0930	8	8	8	0.1998	0.281	539.93	3.193	False	3
dec_F11_0429	F11	top_cosine	O=C(Nc1ccc(-c2cnc([C@H]3CC[C@@H]4CC(c5c(-n6cnnn6)ccc(Cl)c5F)=CC(=O)N43)[nH]2)cc1)OCF	C	0.98	0.84	0.8706	0.1729	0.3322	1	0.1631	0.0668	8	8	8	0.1980	0.3413	566.96	4.84	False	4
dec_F11_0400	F11	top_cosine	O=C1C=C(c2c(-n3cnnn3)ccc(Cl)c2F)CC2CC[C@@H](c3ncc(-c4ccnc(NP)c4)[nH]3)N12	C	0.97	0.86	0.8353	0.1353	0.3487	1	0.1801	0.0869	8	8	8	0.1965	0.3801	523.9	3.961	False	5
dec_F11_0392	F11	top_cosine	O=C(Nc1ccc(-c2cnc([C@]3(O)CCc4cc(-c5cc(Cl)ccc5-n5cnnn5)c[n+]([O-])c43)[nH]2)cc1)OCCBr	C	0.98	0.87	0.8864	0.1985	0.3654	1	0.2110	0.0787	8	8	8	0.1941	0.1366	637.88	4.132	False	6
dec_F11_0393	F11	top_cosine	O=C1C=C(c2c(-n3cnnn3)ccc(Cl)c2F)C[C@H]2CC[C@@H](c3ncc(-c4ccc(NCO)nc4F)[nH]3)N12	C	0.98	0.84	0.8537	0.1515	0.3576	1	0.2139	0.0653	8	8	8	0.1883	0.2507	539.93	3.26	False	7
dec_F11_0388	F11	top_cosine	O=C1C=C(c2c(-n3cnnn3)ccc(Cl)c2F)C[C@H]2CC[C@H](c3ccc(-c4ccc(CNF)nc4F)cc3)N12	C	0.96	0.89	0.6517	0.1395	0.3710	1	0.2312	0.0711	8	8	8	0.1878	0.2633	551.96	5.149	False	8
dec_F11_0390	F11	top_cosine	O=C(Nc1ccc(-c2cnc(C3(O)CCc4cc(-c5cc(Cl)ccc5-n5cnnn5)c[n+]([O-])c43)[nH]2)cc1)OCP	C	0.98	0.84	0.8588	0.2	0.3718	1	0.2254	0.0903	8	8	8	0.1869	0.1572	576.94	3.569	False	9
dec_F11_0435	F11	top_cosine	O=C(Nc1ccc(-c2cnc([C@@H]3CCC4CC(c5c(-n6cnnn6)ccc(Cl)c5F)=CC(=O)N43)[nH]2)c(F)c1)C1CC1CF	C	0.98	0.84	0.7263	0.1985	0.3314	1	0.1760	0.0804	8	8	8	0.1841	0.3029	609.01	5.048	False	10
dec_F11_0407	F11	top_cosine	O=C1C=C(c2c(-n3cnnn3)ccc(Cl)c2F)C[C@H]2CC[C@@H](c3ncc(-c4ccc(OCF)nc4Cl)[nH]3)N12	C	0.97	0.85	0.8072	0.1353	0.3466	1	0.2065	0.0601	8	8	8	0.1840	0.3403	559.36	4.719	False	11
dec_F11_0389	F11	top_cosine	O=C1C=C(c2c(-n3cnnn3)ccc(Cl)c2F)C[C@H]2CC[C@H](c3ncc(-c4ccc(OCS)nc4F)[nH]3)N12	C	0.97	0.86	0.8148	0.1364	0.3674	1	0.2265	0.0848	8	8	8	0.1834	0.2081	556.99	4.165	False	12
dec_F11_0412	F11	top_cosine	CCOC(=O)Nc1ccc(-c2cnc([C@@H]3CC[C@@H]4CC(c5c(-n6cnnn6)ccc(Cl)c5F)=CC(=O)N43)[nH]2)cc1	C	0.98	0.84	0.8824	0.1894	0.3431	1	0.1920	0.0860	8	8	8	0.1829	0.3404	562.99	4.933	False	13
dec_F11_0426	F11	top_cosine	O=C(Nc1ccc(-c2cnc(C3(O)CCc4cc(-c5cc(Cl)ccc5-n5cnnn5)c[n+]([O-])c43)[nH]2)cc1)OCBr	C	0.98	0.84	0.8795	0.2031	0.3385	1	0.1912	0.0771	8	8	8	0.1815	0.145	623.86	4.089	False	14
dec_F11_0423	F11	top_cosine	Cc1nc(CF)cnc1-c1cnc([C@@H]2CCC3CC(c4c(-n5cnnn5)ccc(Cl)c4F)=CC(=O)N32)[nH]1	C	0.97	0.88	0.7294	0.1259	0.3344	1	0.1995	0.0630	8	8	8	0.1758	0.4207	523.94	3.932	False	15
dec_F11_0417	F11	top_cosine	CCOC(=O)Nc1ccc(-c2cnc(C3(O)CCc4cc(-c5cc(Cl)ccc5-n5cnnn5)c[n+]([O-])c43)[nH]2)cc1	C	0.98	0.83	0.881	0.2188	0.3448	1	0.2287	0.0854	8	8	8	0.1591	0.2098	558.99	3.757	False	16
dec_F11_0409	F11	top_cosine	O=C(Nc1ccc(-c2cnc(C3(O)CCc4cc(-c5c(C(F)F)ccc(Cl)c5F)c[n+]([O-])c43)[nH]2)cc1)OCP	C	0.98	0.88	0.7416	0.1418	0.3484	1	0.2304	0.0997	8	8	8	0.1572	0.1554	576.9	5.67	False	17
dec_F11_0433	F11	top_cosine	Cc1nc(NC(=O)OCF)ccc1-c1cnc(C2(O)CCc3cc(-c4cc(Cl)ccc4-n4cnnn4)c[n+]([O-])c32)[nH]1	C	0.98	0.83	0.7245	0.1985	0.3348	1	0.2441	0.0581	8	8	8	0.1465	0.202	577.96	3.367	False	18
dec_F11_0444	F11	scaffold_div	C[C@@H]([C@@H]1C[C@@H](CF)[C@H]2CC(c3c(-n4cnnn4)ccc(Cl)c3F)=CC(=O)N21)n1cc(-c2cc(Cl)ccc2-n2cnnn2)cn1	C	0.81	2.23	0.4571	0.2047	0.3239	1	0.2429	0.0714	8	8	8	0.1325	0.2544	638.47	4.551	False	19
dec_F11_0403	F11	top_cosine	COC1(c2ncc(-c3ccc(NC(=O)OCN)nc3)[nH]2)CCc2cc(-c3cc(Cl)ccc3-n3cnnn3)c[n+]([O-])c21	C	0.98	0.85	0.7826	0.2197	0.3490	1	0.2651	0.1055	8	8	8	0.1318	0.1481	574.99	2.702	False	20
dec_FLT3_0489	FLT3	top_cosine	N[C@H]1CC[C@H](Nc2nc(Nc3ccc4c(c3)CN(C(=O)CF)CC4)ncc2C(F)(F)F)CC1	C	0.95	1.26	0.8333	0.1709	0.2631	1	0.1228	0.0753	7	6	6	0.1546	0.5809	466.48	3.775	True	1
dec_FLT3_0484	FLT3	top_cosine	CC(C)(CS)OC(=O)N1CCc2cc(Nc3ncc(C(F)(F)F)c(N[C@H]4CC[C@@H](N)CC4)n3)ccc2C1	C	0.94	1.38	0.7632	0.1789	0.2650	2	0.1657	0.0966	7	6	6	0.1200	0.3784	538.64	5.124	False	2
dec_FLT3_0502	FLT3	top_cosine	NCC(=O)N1CCc2cc(Nc3ncc(C(F)(F)F)c(NC4CCCCC4)n3)ccc2C1	C	0.96	1.12	0.7639	0.1525	0.2559	2	0.1546	0.0964	7	6	6	0.1188	0.6436	448.49	3.827	True	3
dec_FLT3_0480	FLT3	top_cosine	O[C@H]1CC[C@H](Nc2nc(NCCCCCl)ncc2-c2cccnc2)CC1	C	0.96	1.1	0.8182	0.1081	0.2682	1	0.1723	0.1018	7	6	6	0.1170	0.4819	375.9	3.685	True	4
dec_FLT3_0469	FLT3	top_cosine	O[C@H]1CC[C@H](n2cc(-c3ccc(NC4CCNCC4)cc3)c3cnc(NCCCCP)nc32)CC1	C	0.97	0.95	0.8382	0.1525	0.2807	1	0.1897	0.1118	7	6	6	0.1144	0.2524	494.62	4.805	True	5
dec_FLT3_0497	FLT3	top_cosine	O[C@H]1CC[C@H](Nc2nc(NCCCCCl)ncc2-c2cc(NC3CCCNC3)ncn2)CC1	C	0.91	1.79	0.7059	0.1157	0.2572	1	0.1637	0.1032	7	6	6	0.1116	0.2608	475.04	3.244	True	6
dec_FLT3_0460	FLT3	top_cosine	O[C@H]1CC[C@H](n2cc(-c3ccc(N4CCNCC4)cc3)c3cnc(NCCCCCl)nc32)CC1	C	0.97	0.97	0.7042	0.1552	0.2966	1	0.2106	0.1310	7	6	6	0.1099	0.3257	483.06	4.415	True	7
dec_FLT3_0495	FLT3	top_cosine	CC(C)(C)c1cc(NC(=O)Nc2ccc(-c3cn(C4CCC(O)CC4)c4nc(NCCCCCl)ncc34)cc2)no1	C	0.92	1.75	0.5595	0.3774	0.2583	3	0.1663	0.1090	7	6	6	0.1092	0.1248	580.13	6.935	False	8
dec_FLT3_0462	FLT3	top_cosine	CCCN(CC)CCCNc1nc(/C=C/c2cccnc2)nc2ccc(Cl)cc12	C	0.83	3.55	0.6615	0.0833	0.2913	2	0.2049	0.1322	7	6	6	0.1082	0.4552	409.97	5.383	False	9
dec_FLT3_0506	FLT3	top_cosine	O[C@H]1CC[C@H](Nc2nc(NCCCCP)ncc2-c2ccncc2)CC1	C	0.96	1.22	0.65	0.1091	0.2549	3	0.1682	0.0994	7	6	6	0.1074	0.4864	373.44	3.321	True	10
dec_FLT3_0517	FLT3	scaffold_div	N[C@H]1CC[C@@H](Nc2nc(Nc3ccc(CCN4CCN(CP)CC4)cc3)ncc2C(F)(F)F)CC1	C	0.95	1.04	0.597	0.1593	0.2465	5	0.1530	0.1075	7	6	6	0.1072	0.4657	509.56	3.914	False	11
dec_FLT3_0534	FLT3	scaffold_div	ClCN(CC1CC1)/N=C/c1cnn2ccc(N[C@H]3CC[C@H](N4CCOCC4)CC3)nc12	C	0.81	2.31	0.4103	0.1345	0.2357	2	0.1447	0.0941	7	6	6	0.1062	0.2913	446.0	3.027	True	12
dec_FLT3_0466	FLT3	top_cosine	FCN1C/C=C/CCOc2cccc(c2)-c2ccnc(n2)Nc2cccc(c2)C1	C	0.91	2.02	0.8281	0.1491	0.2845	1	0.2033	0.1202	7	6	6	0.1061	0.4704	390.46	4.955	True	13
dec_FLT3_0459	FLT3	top_cosine	BrCN1C/C=C/CCOc2cccc(c2)-c2ccnc(n2)Nc2cccc(c2)C1	C	0.89	2.39	0.8571	0.1491	0.2986	1	0.2151	0.1409	7	6	6	0.1057	0.3059	451.37	5.38	False	14
dec_FLT3_0492	FLT3	top_cosine	NCCCNc1nc(/C=C/c2ccc(CP)cc2)nc2ccccc12	C	0.87	3.18	0.7115	0.0755	0.2618	2	0.1717	0.1219	7	6	6	0.1050	0.5004	350.41	3.936	True	15
dec_FLT3_0472	FLT3	top_cosine	O[C@H]1CC[C@H](n2cc(-c3ccc(NC4CCOCC4)cc3)c3cnc(NCCCCBr)nc32)CC1	C	0.97	0.96	0.7083	0.193	0.2751	1	0.1924	0.1191	7	6	6	0.1047	0.2359	542.52	5.752	False	16
dec_FLT3_0501	FLT3	top_cosine	CN1CCN(Cc2ccc(-c3cnc(NCCCCN)nc3NC3CCC(O)CC3)nc2)CC1	C	0.96	1.01	0.8485	0.1538	0.2561	1	0.1746	0.0987	7	6	6	0.1043	0.3893	468.65	2.152	True	17
dec_FLT3_0473	FLT3	top_cosine	CN1CCN(Cc2ccc(-c3cnc(NCCCCN)nc3N[C@H]3CC[C@H](O)CC3)nc2)CC1	C	0.96	1.0	0.8485	0.1538	0.2748	1	0.1969	0.1091	7	6	6	0.1042	0.3893	468.65	2.152	True	18
dec_FLT3_0461	FLT3	top_cosine	CC(O)(CCl)CC(=O)N1CCc2cc(Nc3ncc(C(F)(F)F)c(N[C@H]4CC[C@@H](N)CC4)n3)ccc2C1	C	0.93	1.26	0.8667	0.1694	0.2945	1	0.2115	0.1437	7	6	6	0.1033	0.3892	541.02	4.185	False	19
dec_FLT3_0463	FLT3	top_cosine	C[C@H]1CC[C@H](n2c3cnccc3c3cnc(Nc4cccc(N5CCN(CP)CC5)c4)nc32)CC1	C	0.96	1.02	0.5844	0.1429	0.2887	2	0.2037	0.1453	7	6	6	0.1025	0.379	487.59	5.429	False	20
dec_JAK1_0554	JAK1	top_cosine	O=C(Nc1cc(C2=CCN(C(=O)c3ccoc3)CC2CCF)c2cc[nH]c2n1)C1CC1	C	0.87	3.1	0.6757	0.2245	0.2943	2	0.1653	0.1611	3	3	3	0.1303	0.6277	422.46	4.02	True	1
dec_JAK1_0547	JAK1	top_cosine	O=C(Nc1cc(-c2ccc(NS(=O)(=O)CCP)cc2)c2cc[nH]c2n1)C1CC1	C	0.81	4.36	0.8246	0.2159	0.3255	2	0.2316	0.2151	3	3	3	0.0988	0.5147	416.44	3.195	True	2
dec_JAK1_0557	JAK1	top_cosine	CC(C)(CCl)OC(=O)Cn1cc(-c2cc(NC(=O)C3CC3)nc3[nH]ccc23)cn1	C	0.9	2.5	0.6571	0.2556	0.3169	1	0.2373	0.2235	3	3	3	0.0837	0.4549	415.88	3.336	True	3
dec_JAK1_0562	JAK1	top_cosine	O=C(C=CF)Nc1ccc(-c2cc(NC(=O)C3CC3)nc3[nH]ccc23)cc1	C	0.9	3.08	0.6667	0.2069	0.2815	2	0.2063	0.1893	3	3	3	0.0803	0.5982	364.38	4.0	True	4
dec_JAK1_0566	JAK1	top_cosine	O=C(Nc1cc(-c2ccc(NS(=O)(=O)CCO)cc2)c2cc[nH]c2n1)C1CC1	C	0.87	3.56	0.8545	0.2209	0.2846	1	0.2140	0.1835	3	3	3	0.0798	0.4844	400.46	2.312	True	5
dec_JAK1_0550	JAK1	top_cosine	O=C(Nc1cc(-c2ccc(CNS(=O)(=O)CCCF)cc2)c2cc[nH]c2n1)C1CC1	C	0.91	2.5	0.8065	0.2043	0.3018	1	0.2328	0.2044	3	3	3	0.0775	0.4842	430.51	3.357	True	6
dec_JAK1_0552	JAK1	top_cosine	CC(O)(CCl)CN[C@H]1CC[C@@H](n2cc(C(N)=O)c(Nc3ccc(F)cc3)n2)[C@@H](C#N)C1	C	0.94	1.58	0.7534	0.1863	0.2950	2	0.2405	0.1961	3	3	3	0.0678	0.4593	448.93	2.677	True	7
dec_JAK1_0553	JAK1	top_cosine	CCC(=O)N1CCN(C(=O)c2ccc(-c3cc(NC(=O)C4CC4)nc4[nH]ccc34)cc2)CC1	C	0.83	4.49	0.7667	0.2824	0.2950	2	0.2424	0.2169	3	3	3	0.0602	0.6297	445.52	3.273	True	8
dec_JAK1_0578	JAK1	top_cosine	CCOc1ccccc1S(=O)(=O)N1CC(CC#N)(n2cc(C(N)=O)c(Nc3ccc(F)cc3)n2)C1	C	0.82	4.52	0.6667	0.3297	0.2715	2	0.2333	0.1761	3	3	3	0.0554	0.4614	498.54	2.577	True	9
dec_JAK1_0561	JAK1	top_cosine	CC(C)(C)OC(=O)[C@@H]1CC[C@@](CC#N)(n2nc(Nc3cc(CF)[nH]n3)c3c(=O)[nH]ccc32)CO1	C	0.93	1.74	0.75	0.213	0.2817	2	0.2457	0.1845	3	3	3	0.0544	0.4644	471.49	2.79	True	10
dec_JAK1_0595	JAK1	top_cosine	CCC(C)NS(=O)(=O)N1CC(CC#N)(n2cc(C(N)=O)c(Nc3ccc(F)cc3)n2)C1	C	0.86	3.54	0.6667	0.3333	0.2670	2	0.2317	0.1733	3	3	3	0.0528	0.5277	449.51	1.422	True	11
dec_JAK1_0594	JAK1	top_cosine	CCC(C)(C)OC(=O)N1CC[C@@H](n2cc(C(N)=O)c(Nc3ccc(F)cc3)n2)[C@H](C#N)C1	C	0.92	1.86	0.8551	0.2222	0.2671	2	0.2301	0.1790	3	3	3	0.0523	0.7041	442.5	3.576	True	12
dec_JAK1_0621	JAK1	scaffold_div	CS(=O)(=O)c1ccc(Nc2nn([C@]3(CC#N)CCCC[C@@H]3C#N)c3cc[nH]c(=O)c23)cc1CP	C	0.92	1.98	0.5747	0.2255	0.2545	2	0.2152	0.1734	3	3	3	0.0519	0.4964	496.53	3.57	True	13
dec_JAK1_0624	JAK1	mid_cosine	CS(=O)(=O)c1ccc(Nc2nn([C@]3(CC#N)CCCC[C@@H]3C#N)c3cc[nH]c(=O)c23)cc1CP	C	0.92	1.98	0.5747	0.2255	0.2545	2	0.2152	0.1734	3	3	3	0.0519	0.4964	496.53	3.57	True	14
dec_JAK1_0556	JAK1	top_cosine	N#C[C@H]1CCC[C@@H]1n1nc(Nc2ccc(-c3cnn(CP)c3)cc2Cl)c2c(=O)[nH]ccc21	C	0.92	2.25	0.6543	0.2371	0.2914	2	0.2575	0.2092	3	3	3	0.0484	0.4162	465.89	4.682	True	15
dec_JAK1_0549	JAK1	top_cosine	N#CC[C@@H](C1CC1)n1nc(Nc2ccc(-c3cnn(CO)c3)cc2)c2c(=O)[nH]ccc21	C	0.91	2.06	0.6957	0.3529	0.3043	2	0.2743	0.2175	3	3	3	0.0470	0.4258	415.46	3.146	True	16
dec_JAK1_0615	JAK1	scaffold_div	CC1(CBr)CCCCN1S(=O)(=O)c1ccc(Nc2nn(C3(CC#N)CCCC3)c3cc[nH]c(=O)c23)cc1	C	0.94	1.47	0.75	0.2577	0.2575	2	0.2246	0.1796	3	3	3	0.0464	0.3761	587.54	4.979	False	17
dec_JAK1_0616	JAK1	scaffold_div	N#CC[C@@H](C1CC1)n1nc(Nc2ccc(S(=O)(=O)NC3CCCCC3(O)CS)cc2)c2c(=O)[nH]ccc21	C	0.91	1.84	0.6835	0.2755	0.2566	2	0.2302	0.1636	3	3	3	0.0464	0.2603	542.69	3.215	False	18
dec_JAK1_0622	JAK1	mid_cosine	CC(C)(CCl)OC(=O)N1CC[C@@H](n2cc(C(N)=O)c(Nc3ccc(F)cc3)n2)[C@H](C#N)C1	C	0.93	1.69	0.8429	0.22	0.2592	2	0.2321	0.1764	3	3	3	0.0438	0.6333	462.91	3.405	True	19
dec_JAK1_0576	JAK1	top_cosine	N#C[C@H]1C[C@@H](N[C@@H](CF)C2CC2)CC[C@@H]1n1cc(C(N)=O)c(Nc2ccc(C(F)(F)F)cc2)n1	C	0.93	1.6	0.8056	0.1818	0.2720	2	0.2441	0.1915	3	3	3	0.0437	0.49	478.49	4.315	True	20
dec_JAK2_0697	JAK2	scaffold_div	CCc1cnc(Nc2ccc3c(c2)CCN(C/C=C/C(=O)NCCO)C3)nc1-c1cnn(C(C)C)c1	C	0.93	1.58	0.7356	0.2124	0.2964	2	0.1931	0.1700	3	3	3	0.1102	0.3753	489.62	3.25	True	1
dec_JAK2_0696	JAK2	scaffold_div	O=C(O)CNCCOc1ccc(Nc2cc(-c3ccc(OCP)cc3)nc(-c3cnn4ccccc34)n2)cc1	C	0.84	3.17	0.4021	0.217	0.2667	4	0.1963	0.1888	3	3	3	0.0727	0.1548	542.54	4.466	False	2
dec_JAK2_0635	JAK2	top_cosine	N#CCC1(n2cc(-c3ccnc(Nc4ccc5c(c4)CCC(=O)NO5)n3)cn2)CN([C@H]2CC[C@H](C(=O)OCS)CC2)C1	C	0.94	1.3	0.3894	0.2963	0.2872	1	0.2379	0.1924	3	3	3	0.0630	0.2033	588.69	3.354	False	3
dec_JAK2_0669	JAK2	top_cosine	N#C[C@@H](CF)n1nc(Nc2ccc(C(=O)N3CCOCC3)cc2)c2c(=O)[nH]ccc21	C	0.96	1.25	0.5783	0.2083	0.2906	1	0.2558	0.1828	3	3	3	0.0567	0.6644	410.41	1.975	True	4
dec_JAK2_0644	JAK2	top_cosine	CN1CCN(C(=O)c2ccc(Nc3nn([C@]4(CC#N)CC[C@@H](C(=O)OC(C)(C)C)OC4)c4cc[nH]c(=O)c34)cc2CO)CC1	C	0.94	1.29	0.7979	0.2155	0.2705	1	0.2401	0.1884	3	3	3	0.0459	0.3407	605.7	2.478	False	5
dec_JAK2_0642	JAK2	top_cosine	CN1CCN(C(=O)c2ccc(Nc3nn([C@]4(CC#N)CC[C@@H](C(=O)OC(C)(C)C)OC4)c4cc[nH]c(=O)c34)cc2CP)CC1	C	0.93	1.47	0.7812	0.2119	0.2719	1	0.2424	0.1891	3	3	3	0.0455	0.2996	621.68	3.361	False	6
dec_JAK2_0708	JAK2	scaffold_div	CC(C)(CS)OC(=O)N1CC[C@@H](n2nc(Nc3ccc(N4CCOCC4=O)cc3)c3c(=O)[nH]ccc32)[C@H](F)C1	C	0.92	1.81	0.4563	0.2202	0.2424	1	0.2178	0.1542	3	3	3	0.0437	0.3973	558.64	3.261	False	7
dec_JAK2_0713	JAK2	mid_cosine	CC(C)(CS)OC(=O)N1CC[C@@H](n2nc(Nc3ccc(N4CCOCC4=O)cc3)c3c(=O)[nH]ccc32)[C@H](F)C1	C	0.92	1.81	0.4563	0.2202	0.2424	1	0.2178	0.1542	3	3	3	0.0437	0.3973	558.64	3.261	False	8
dec_JAK2_0661	JAK2	top_cosine	O=C(Nc1ccc(-c2cccc3cnc(Nc4cnn(CP)c4)nc23)cc1)C1CC1(F)F	C	0.94	1.53	0.4366	0.23	0.2805	2	0.2468	0.2294	3	3	3	0.0389	0.4158	452.41	4.663	True	9
dec_JAK2_0648	JAK2	top_cosine	CCc1cc(Nc2nc(N3CCN(CC(F)(F)F)CC3)nn3cccc23)n[nH]1	C	0.97	0.99	0.5942	0.1919	0.2682	1	0.2366	0.2141	3	3	3	0.0384	0.6923	394.41	2.443	True	10
dec_JAK2_0640	JAK2	top_cosine	CC(C)(C)OC(=O)[C@@H]1CC[C@@](CC#N)(n2nc(Nc3ccc(CN4CCN(c5ccc(F)cn5)CC4)c(CF)c3)c3c(=O)[nH]ccc32)CO1	C	0.92	1.29	0.6796	0.2	0.2727	1	0.2560	0.1850	3	3	3	0.0380	0.2351	674.75	4.924	False	11
dec_JAK2_0688	JAK2	scaffold_div	N#CC[C@@H](C1CC1)n1nc(Nc2ccc(C(=O)N3CCCC3)c(CP)c2)c2c(=O)[nH]ccc21	C	0.94	1.52	0.7342	0.2796	0.2724	1	0.2571	0.1865	3	3	3	0.0365	0.5174	462.49	3.944	True	12
dec_JAK2_0689	JAK2	scaffold_div	N#Cc1cnc2ccc(N(CO)[C@@H]3CCN(c4ncnc5[nH]ccc45)C3)nn12	C	0.86	3.54	0.6027	0.3295	0.2492	1	0.2202	0.1980	3	3	3	0.0357	0.5047	375.4	0.907	True	13
dec_JAK2_0636	JAK2	top_cosine	CN1CCN(c2ccc(Nc3nn(C4(CCP)CCN(C(=O)OC(C)(C)C)CC4)c4cc[nH]c(=O)c34)cc2)CC1	C	0.81	3.27	0.6707	0.2	0.2849	1	0.2645	0.2140	3	3	3	0.0355	0.4308	567.68	4.211	False	14
dec_JAK2_0658	JAK2	top_cosine	CS(=O)(=O)c1ccc(-c2cccn3nc(Nc4ccc(CN5CCN(CCO)CC5)cc4)nc23)cc1	C	0.95	1.23	0.8689	0.2604	0.2696	4	0.2451	0.2096	3	3	3	0.0352	0.3761	506.63	2.653	False	15
dec_JAK2_0686	JAK2	scaffold_div	CC(C)(CP)S(=O)(=O)c1ccc(Nc2nn(C3(CC#N)CCN(c4ccnc(C(F)(F)F)c4)CC3)c3cc[nH]c(=O)c23)cc1	C	0.94	1.2	0.663	0.243	0.2511	2	0.2336	0.1780	3	3	3	0.0342	0.2492	645.65	5.219	False	16
dec_JAK2_0683	JAK2	scaffold_div	O=C(c1ccc(F)cc1)N1CCN(c2nc(Nc3cc(CCO)[nH]n3)c3cccn3n2)CC1	C	0.95	1.59	0.7	0.1574	0.2586	1	0.2324	0.2077	3	3	3	0.0336	0.4106	450.48	1.832	True	17
dec_JAK2_0667	JAK2	top_cosine	CC(C)(CP)OC(=O)N1CCC(CC#N)(n2nc(Nc3ccc(S(=O)(=O)N4CCOCC4)cc3)c3c(=O)[nH]ccc32)CC1	C	0.93	1.62	0.878	0.243	0.2585	1	0.2478	0.1779	3	3	3	0.0317	0.3569	629.68	2.984	False	18
dec_JAK2_0663	JAK2	top_cosine	CC(C)(CP)OC(=O)[C@@H]1CC[C@@](CC#N)(n2nc(Nc3ccc(C4CCN(C5CC5)CC4)cc3)c3c(=O)[nH]ccc32)CO1	C	0.88	2.3	0.7	0.2018	0.2600	1	0.2553	0.1700	3	3	3	0.0303	0.2638	604.69	4.795	False	19
dec_JAK2_0691	JAK2	scaffold_div	Oc1cc(CC(F)(F)F)c(-c2nn(C(CS)c3ccccc3)c3[nH]ncc23)cc1F	C	0.82	3.95	0.4156	0.1134	0.2533	2	0.2323	0.2022	3	3	3	0.0300	0.3082	436.43	4.895	True	20
dec_JAK3_0750	JAK3	top_cosine	CC=CC(=O)N1CCCN(C(=O)c2cc(Sc3cnc(NC(=O)C4CC4)s3)c(C)cc2OC)C[C@H]1C	C	0.88	3.33	0.8571	0.1651	0.2829	2	0.1541	0.1252	3	3	3	0.1375	0.5284	528.7	4.599	False	1
dec_JAK3_0765	JAK3	top_cosine	CC=CC(=O)N1CCN(C(=O)c2cc(Sc3cnc(NC(=O)c4ccsc4)s3)c(C)cc2OC)CC1	C	0.96	1.4	0.8611	0.1284	0.2809	2	0.1594	0.1313	3	3	3	0.1299	0.432	542.71	4.786	False	2
dec_JAK3_0735	JAK3	top_cosine	CC=CC(=O)N1CCCC12CCN(c1ncnc3[nH]ccc13)C2	C	0.98	1.0	0.7544	0.2892	0.2830	1	0.1558	0.1481	3	3	3	0.1295	0.8628	311.39	2.105	True	3
dec_JAK3_0753	JAK3	top_cosine	CC=CC(=O)N1CCC[C@@H](Nc2nc(Nc3cnn(CC(F)(F)F)c3)nc3[nH]nc(Cl)c23)C1	C	0.92	1.83	0.8649	0.1776	0.2688	1	0.1501	0.1371	3	3	3	0.1226	0.4594	483.89	3.488	True	4
dec_JAK3_0761	JAK3	top_cosine	O=C1NC(=O)C(c2c[nH]c3ccccc23)=C1c1nc(N2CCN(CCBr)CC2)ccc1C(F)(F)F	C	0.98	0.9	0.5652	0.1176	0.3079	1	0.2032	0.1900	3	3	3	0.1087	0.3761	548.36	3.666	False	5
dec_JAK3_0769	JAK3	top_cosine	CC=CC(=O)N1CCC[C@@H](Nc2nc(Nc3cnn(CC(=O)NC)c3)nc3[nH]nc(Cl)c23)C1	C	0.91	2.01	0.8767	0.1792	0.2633	1	0.1628	0.1423	3	3	3	0.1067	0.3797	472.94	1.671	True	6
dec_JAK3_0751	JAK3	top_cosine	O=C(C=CF)N1CCC[C@@H](Nc2nc(Nc3cnn(CC(F)F)c3)nc3[nH]nc(Cl)c23)C1	C	0.94	1.43	0.875	0.1698	0.2705	1	0.1684	0.1584	3	3	3	0.1051	0.4551	469.86	3.098	True	7
dec_JAK3_0770	JAK3	top_cosine	CCc1cc(Nc2cc(N3CCC[C@@H](NC(=O)N(C)C)C3)c(C(N)=O)nn2)ccc1C(F)(F)F	C	0.87	2.92	0.4767	0.1863	0.2630	1	0.1642	0.1476	3	3	3	0.1038	0.5863	479.51	3.14	True	8
dec_JAK3_0722	JAK3	top_cosine	CC=CC(=O)N1CCN(c2ccc(C(F)(F)F)c(C3=C(c4c[nH]c5ccccc45)C(=O)NC3=O)n2)CC1	C	0.98	0.91	0.7324	0.1456	0.3472	1	0.2466	0.2427	3	3	3	0.1018	0.4153	509.49	3.374	False	9
dec_JAK3_0794	JAK3	mid_cosine	CC=CC(=O)N1CC[C@@H](Nc2nc(Nc3cnn(CC)c3)nc3[nH]cc(Cl)c23)C1	C	0.94	1.6	0.7917	0.2	0.2594	3	0.1611	0.1521	3	3	3	0.1010	0.5351	414.9	3.16	True	10
dec_JAK3_0795	JAK3	mid_cosine	NC=CC(=O)N1CCC[C@@H](Nc2nc(Nc3cnn(CC(F)F)c3)nc3[nH]ncc23)C1	C	0.91	1.84	0.8696	0.1863	0.2532	4	0.1590	0.1508	3	3	3	0.0967	0.4108	432.44	1.433	True	11
dec_JAK3_0748	JAK3	top_cosine	O=C(C=CS)N1CCC[C@@H](Nc2nc(Nc3cnn(CC(F)F)c3)nc3[nH]nc(Cl)c23)C1	C	0.93	1.59	0.863	0.1792	0.2726	1	0.1810	0.1653	3	3	3	0.0963	0.3012	483.94	3.058	True	12
dec_JAK3_0733	JAK3	top_cosine	CC=CC(=O)Nc1cccc(Cn2ncc3cnc(Nc4ccc(C)nc4)nc32)c1	C	0.97	1.07	0.8281	0.1176	0.3064	1	0.2186	0.1958	3	3	3	0.0947	0.4783	399.46	3.836	True	13
dec_JAK3_0760	JAK3	top_cosine	O=C(C=CF)N1CCC[C@@H](Nc2nc(Nc3cnn(CC(F)F)c3)nc3[nH]ncc23)C1	C	0.91	1.88	0.8696	0.1748	0.2659	1	0.1743	0.1638	3	3	3	0.0947	0.4882	435.41	2.444	True	14
dec_JAK3_0745	JAK3	top_cosine	O=C(C=CF)N1CCC[C@@H](Nc2nc(Nc3cnn(C4CCOCC4)c3)nc3[nH]ncc23)C1	C	0.93	1.58	0.8592	0.1604	0.2741	1	0.1841	0.1742	3	3	3	0.0930	0.4843	455.5	2.531	True	15
dec_JAK3_0777	JAK3	scaffold_div	CC=CC(=O)Nc1cccc(CNc2nc(Nc3cnn(C(C)C)c3)nn3cccc23)c1	C	0.93	1.72	0.5412	0.1	0.2599	1	0.1712	0.1653	3	3	3	0.0905	0.3588	430.52	4.377	True	16
dec_JAK3_0744	JAK3	top_cosine	O=C(C=CO)N1CCC[C@@H](Nc2nc(Nc3cnn(CCN4CCOCC4)c3)nc3[nH]nc(Cl)c23)C1	C	0.91	1.77	0.8933	0.1651	0.2742	1	0.1911	0.1817	3	3	3	0.0859	0.2574	516.99	1.753	False	17
dec_JAK3_0743	JAK3	top_cosine	O=C(C=CP)N1CCC[C@@H](Oc2nc(Nc3cnn(C4CCC4)c3)nc3[nH]nc(Cl)c23)C1	C	0.8	4.42	0.7973	0.1495	0.2743	1	0.1948	0.1867	3	3	3	0.0819	0.4153	474.89	3.43	True	18
dec_JAK3_0729	JAK3	top_cosine	O=C(C=CP)N1CCC[C@@H](Oc2nc(Nc3cnn(CC(F)F)c3)nc3[nH]nc(Cl)c23)C1	C	0.78	4.88	0.7073	0.1545	0.2948	1	0.2172	0.2043	3	3	3	0.0815	0.3912	484.84	2.97	True	19
dec_JAK3_0774	JAK3	scaffold_div	CCOC(=O)c1c[nH]c2ncnc(-c3cccc(NC(=O)C=CN)c3)c12	C	0.97	1.03	0.8644	0.1702	0.2882	1	0.2086	0.2027	3	3	3	0.0814	0.4783	351.37	2.212	True	20
dec_MAP2K1_0805	MAP2K1	top_cosine	NCC(=O)c1c(Nc2ccc(I)cc2F)c(F)c(=O)n(C[C@H](O)CO)c1Nc1ccc(I)cc1F	C	0.85	2.01	0.5068	0.3059	0.5047	1	0.2713	0.1202	7	6	6	0.2787	0.1698	714.22	3.457	False	1
dec_MAP2K1_0806	MAP2K1	top_cosine	O=C(CO)c1cc(Nc2ccc(I)cc2F)c(F)c(F)c1Nc1ccc(I)cc1F	C	0.91	1.27	0.587	0.3971	0.4720	1	0.2278	0.1130	7	6	6	0.2786	0.1727	642.13	6.114	False	2
dec_MAP2K1_0830	MAP2K1	top_cosine	O=C(NOC[C@H](O)CO)c1cc(-c2cc3ccc(OCO)cc3oc2=O)c(F)c(F)c1Nc1ccc(I)cc1F	C	0.93	1.11	0.5974	0.28	0.4120	1	0.1664	0.0903	7	6	6	0.2684	0.0738	672.35	3.569	False	3
dec_MAP2K1_0859	MAP2K1	scaffold_div	O=C(OCBr)c1c(Nc2ccc(I)cc2F)cc(F)cc1OCC1CCCC1	C	0.96	0.9	0.5909	0.3293	0.3810	1	0.1354	0.0662	7	6	6	0.2664	0.24	566.18	6.391	False	4
dec_MAP2K1_0808	MAP2K1	top_cosine	O=C(NOC[C@H](O)CO)c1cc(CP)c(Nc2ccc(I)cc2F)c(F)c1Nc1ccc(I)cc1F	C	0.74	3.52	0.7458	0.3373	0.4619	1	0.2311	0.1203	7	6	6	0.2640	0.1114	745.21	5.19	False	5
dec_MAP2K1_0814	MAP2K1	top_cosine	Cn1c(Nc2ccc(I)cc2)c(C(=O)CF)c(Nc2ccc(I)cc2F)c(F)c1=O	C	0.95	0.99	0.4853	0.381	0.4475	1	0.2174	0.1092	7	6	6	0.2626	0.2762	639.15	5.512	False	6
dec_MAP2K1_0810	MAP2K1	top_cosine	NC(=O)c1c(Oc2ccc(CP)cc2)cc(F)c(F)c1Nc1ccc(I)cc1F	C	0.81	2.5	0.6667	0.3333	0.4386	2	0.2072	0.1330	7	6	6	0.2537	0.3169	530.22	5.718	False	7
dec_MAP2K1_0829	MAP2K1	top_cosine	Cn1c(Nc2ccc(I)cc2F)c(C(N)=O)cc(Cc2cccc(NS(=O)(=O)NCS)c2F)c1=O	C	0.7	4.58	0.8696	0.3505	0.4266	1	0.2127	0.1088	7	6	6	0.2451	0.1402	635.46	2.835	False	8
dec_MAP2K1_0813	MAP2K1	top_cosine	CCC(=O)c1cc(C(=O)NOC[C@@H](O)CO)c(Nc2ccc(I)cc2F)n(C)c1=O	C	0.96	0.92	0.7344	0.3478	0.4395	1	0.2377	0.0963	7	6	6	0.2442	0.2184	533.29	1.48	False	9
dec_MAP2K1_0860	MAP2K1	scaffold_div	O=C(NOCCN1CCCC1)c1ccc(Cc2cccc(OCP)c2)c(F)c1Nc1ccc(I)cc1F	C	0.71	4.05	0.5	0.3511	0.3787	1	0.1578	0.0855	7	6	6	0.2426	0.119	639.42	5.872	False	10
dec_MAP2K1_0823	MAP2K1	top_cosine	O=C(OCBr)c1cnc(Nc2ccc(I)cc2F)cc1Nc1ccc(I)cc1F	C	0.79	3.05	0.4375	0.3117	0.4113	1	0.1928	0.1127	7	6	6	0.2425	0.1749	686.03	6.565	False	11
dec_MAP2K1_0847	MAP2K1	top_cosine	O=c1c2c(Nc3ccc(I)cc3F)c(F)c(=O)n(CO)c2ncn1C[C@H](O)CO	C	0.82	2.47	0.8197	0.2874	0.4249	1	0.2207	0.0970	7	6	6	0.2413	0.3485	520.23	0.488	False	12
dec_MAP2K1_0843	MAP2K1	top_cosine	O=C(NOC1CC1)c1cc(Cc2cc(C(=O)OCO)c(Nc3ccc(I)cc3F)c(F)c2F)c(F)c(F)c1Nc1cccc(C(F)(F)F)c1	C	0.81	2.19	0.4831	0.3196	0.3961	1	0.1870	0.0837	7	6	6	0.2401	0.04	807.43	8.014	False	13
dec_MAP2K1_0866	MAP2K1	scaffold_div	NNC(=O)c1c(Nc2ccc(I)cc2F)cc(F)cc1OC[C@@H](O)CO	C	0.97	0.84	0.7119	0.2588	0.3846	1	0.1658	0.1007	7	6	6	0.2383	0.1786	479.22	1.648	True	14
dec_MAP2K1_0869	MAP2K1	mid_cosine	NNC(=O)c1c(Nc2ccc(I)cc2F)cc(F)cc1OC[C@@H](O)CO	C	0.97	0.84	0.7119	0.2588	0.3846	1	0.1658	0.1007	7	6	6	0.2383	0.1786	479.22	1.648	True	15
dec_MAP2K1_0863	MAP2K1	scaffold_div	NC(=O)c1cn(CC(=O)N2CCN(C(=O)OCBr)CC2)c(=O)c(F)c1Nc1ccc(I)cc1F	C	0.88	1.37	0.4881	0.3448	0.3769	1	0.1752	0.0600	7	6	6	0.2363	0.3638	654.21	2.207	False	16
dec_MAP2K1_0834	MAP2K1	top_cosine	Cn1c(Nc2ccc(I)cc2F)c(C(N)=O)cc(Cc2cccc(NS(=O)(=O)Nc3cccc(C#CS)c3)c2F)c1=O	C	0.74	3.94	0.7532	0.3462	0.4088	1	0.2045	0.1018	7	6	6	0.2351	0.0971	721.55	4.709	False	17
dec_MAP2K1_0861	MAP2K1	scaffold_div	CS(=O)(=O)Nc1cccc(Cc2cc(C(=O)NOCCO)c(Nc3ccc(I)cc3F)n(CCl)c2=O)c1F	C	0.96	0.92	0.5854	0.2925	0.3941	1	0.1900	0.0883	7	6	6	0.2346	0.1055	682.87	3.287	False	18
dec_MAP2K1_0837	MAP2K1	top_cosine	NNC(=O)c1c(Oc2ccccc2)cc(F)c(F)c1Nc1ccc(I)cc1F	C	0.98	0.82	0.6154	0.3291	0.4091	1	0.2050	0.1063	7	6	6	0.2337	0.2033	499.23	4.848	True	19
dec_MAP2K1_0809	MAP2K1	top_cosine	O=C(NCl)c1c(Nc2ccc(I)cc2F)cc(F)cc1Nc1ccc(I)cc1F	C	0.9	1.12	0.5957	0.3188	0.4446	2	0.2516	0.1189	7	6	6	0.2328	0.2149	643.57	6.684	False	20
dec_MAP2K2_0878	MAP2K2	top_cosine	NNC(=O)c1c(Oc2ccc(I)cc2F)cc(F)c(F)c1Nc1ccc(I)cc1F	C	0.96	0.94	0.6066	0.3421	0.4393	4	0.2241	0.1161	7	6	6	0.2476	0.1115	643.12	5.592	False	1
dec_MAP2K2_0929	MAP2K2	scaffold_div	O=C(NOC[C@H](O)CO)c1cc(C#Cc2cccc(CF)c2)c(F)c(F)c1Nc1ccc(I)cc1F	C	0.95	0.88	0.6389	0.2812	0.3646	2	0.1394	0.0675	7	6	6	0.2468	0.1314	614.33	4.336	False	2
dec_MAP2K2_0886	MAP2K2	top_cosine	Cn1c(Nc2ccc(I)cc2F)c(C(N)=O)cc(Cc2cccc(NS(=O)(=O)CCO)c2F)c1=O	C	0.82	2.24	0.8657	0.3542	0.4024	4	0.1993	0.1072	7	6	6	0.2307	0.2716	618.4	2.435	False	3
dec_MAP2K2_0897	MAP2K2	top_cosine	O=C(NOCCO)c1cc(Oc2ccc(CBr)cc2)cc(F)c1Nc1ccc(I)cc1F	C	0.96	0.96	0.6032	0.2989	0.3905	3	0.1889	0.1005	7	6	6	0.2281	0.125	619.2	5.654	False	4
dec_MAP2K2_0887	MAP2K2	top_cosine	O=C(NOC[C@H](O)CO)c1ccc(CS)c(Nc2nc(Nc3ccc(I)cc3F)ncc2F)c1	C	0.8	2.93	0.5467	0.2264	0.4023	2	0.2034	0.1270	7	6	6	0.2218	0.1185	603.39	3.291	False	5
dec_MAP2K2_0896	MAP2K2	top_cosine	Cn1c(Nc2ccc(I)cc2F)c(C(N)=O)cc(Cc2cccc(NS(=O)(=O)NCO)c2F)c1=O	C	0.94	1.02	0.8824	0.3684	0.3929	4	0.2055	0.0942	7	6	6	0.2208	0.1822	619.39	1.897	False	6
dec_MAP2K2_0941	MAP2K2	scaffold_div	O=C(NCBr)c1c(Nc2ccc(I)cc2F)cc(F)cc1OCCN1CCOCC1	C	0.97	0.87	0.5132	0.2747	0.3394	3	0.1421	0.0660	7	6	6	0.2201	0.2733	596.21	4.106	False	7
dec_MAP2K2_0900	MAP2K2	top_cosine	Cn1c(Nc2ccc(I)cc2F)c(C(N)=O)cc(Cc2cccc(NS(=O)(=O)NCBr)c2F)c1=O	C	0.73	4.28	0.8696	0.3505	0.3874	4	0.1963	0.1037	7	6	6	0.2189	0.1563	682.29	3.3	False	8
dec_MAP2K2_0909	MAP2K2	top_cosine	CN(C)CCNC(=O)Nc1cccc(Cc2cc(C(=O)NCCCP)c(Nc3ccc(I)cc3F)c(F)c2F)c1	C	0.96	0.87	0.5402	0.283	0.3803	3	0.1874	0.1052	7	6	6	0.2176	0.1118	685.47	5.721	False	9
dec_MAP2K2_0914	MAP2K2	top_cosine	Cn1c(Nc2ccc(I)cc2F)c(C(N)=O)cc(Cc2ccnc(NS(=O)(=O)NCBr)c2F)c1=O	C	0.74	3.32	0.875	0.3137	0.3740	3	0.1810	0.1006	7	6	6	0.2171	0.1551	683.27	2.695	False	10
dec_MAP2K2_0936	MAP2K2	scaffold_div	Cn1c(Nc2ccc(I)cc2F)c(C(C)(C)C)cc(C(=O)NOCCBr)c1=O	C	0.97	0.94	0.6119	0.3407	0.3489	3	0.1521	0.0860	7	6	6	0.2166	0.238	566.21	4.226	False	11
dec_MAP2K2_0938	MAP2K2	scaffold_div	CCOc1cc2c(Nc3ccc(I)cc3F)c(C#N)cnc2cc1OCC=NCCN1CCOCC1	C	0.96	0.8	0.5172	0.2264	0.3423	3	0.1519	0.0708	7	6	6	0.2147	0.2638	603.44	4.774	False	12
dec_MAP2K2_0879	MAP2K2	top_cosine	NCCNC(=O)c1cc(Cc2cccc(NS(=O)(=O)C3CC3)c2F)c(F)c(F)c1Nc1ccc(I)cc1F	C	0.97	0.85	0.8088	0.3297	0.4125	4	0.2411	0.1095	7	6	6	0.2109	0.1847	662.45	4.775	False	13
dec_MAP2K2_0883	MAP2K2	top_cosine	NC(=O)c1cc(Cc2ccnc(NS(=O)(=O)NCS)c2F)c(F)c(F)c1Nc1ccc(I)cc1F	C	0.88	2.01	0.8507	0.2935	0.4079	3	0.2300	0.1224	7	6	6	0.2102	0.1053	641.41	3.81	False	14
dec_MAP2K2_0904	MAP2K2	top_cosine	O=c1c2c(Nc3ccc(I)cc3F)c(F)c(=O)n(CP)c2ncn1C[C@H](O)CO	C	0.96	0.91	0.7937	0.2955	0.3852	3	0.2069	0.1014	7	6	6	0.2099	0.3247	536.21	1.37	False	15
dec_MAP2K2_0907	MAP2K2	top_cosine	O=c1c2c(Nc3ccc(I)cc3F)c(F)c(=O)n(CBr)c2ncn1C(CO)CO	C	0.97	0.93	0.7833	0.2907	0.3836	3	0.2097	0.0941	7	6	6	0.2086	0.3033	583.13	2.063	False	16
dec_MAP2K2_0892	MAP2K2	top_cosine	NC(=O)c1cc(Cc2ccnc(NS(=O)(=O)CCCO)c2F)c(F)c(F)c1Nc1ccc(I)cc1F	C	0.97	0.87	0.8382	0.2903	0.3976	3	0.2206	0.1216	7	6	6	0.2067	0.1974	638.38	3.8	False	17
dec_MAP2K2_0885	MAP2K2	top_cosine	NC(=O)c1cc(Cc2cccc(C(O)(CO)CBr)c2)c(F)c(F)c1Nc1ccc(I)cc1F	C	0.96	1.03	0.6164	0.3	0.4047	2	0.2309	0.1230	7	6	6	0.2062	0.2132	635.22	4.717	False	18
dec_MAP2K2_0903	MAP2K2	top_cosine	NC(=O)c1cc(Cc2ccnc(NS(=O)(=O)NCF)c2F)c(F)c(F)c1Nc1ccc(I)cc1F	C	0.98	0.85	0.8769	0.3	0.3861	3	0.2105	0.1110	7	6	6	0.2054	0.1631	627.33	3.849	False	19
dec_MAP2K2_0919	MAP2K2	top_cosine	Cn1c(Nc2ccc(I)cc2F)c(C(N)=O)cc(Cc2cccc(NS(=O)(=O)NCCl)c2F)c1=O	C	0.71	3.95	0.8696	0.3505	0.3730	4	0.2001	0.0950	7	6	6	0.2044	0.1625	637.83	3.144	False	20
dec_PARP1_1017	PARP1	scaffold_div	CN(C)C(=O)CN1CCN(Cc2cc(C(=O)C(F)(F)F)c(-c3nc4c(C(N)=O)cccc4[nH]3)cc2F)[C@@H](CBr)C1	C	0.94	1.08	0.3723	0.2178	0.3136	1	0.2451	0.1705	4	3	3	0.0909	0.2254	627.44	3.182	False	1
dec_PARP1_0961	PARP1	top_cosine	O=C(c1ccc2c(c1)[nH]c(=O)c1ccccc12)N1CCN(CCCBr)CC1	C	0.97	0.9	0.5323	0.3117	0.3379	1	0.2532	0.2372	4	3	3	0.0895	0.5131	428.33	3.224	True	2
dec_PARP1_0974	PARP1	top_cosine	CC(C)(CCl)C(=O)N1CCC(N2CCN(Cc3ccc4c([nH]c(=O)c5ccccc54)c3F)CC2)CC1	C	0.96	0.97	0.3797	0.2697	0.3266	1	0.2506	0.2233	4	3	3	0.0842	0.4111	513.06	4.194	False	3
dec_PARP1_1000	PARP1	top_cosine	CC(C)(O)CC(=O)N1CC=C(c2cc3cccc(C(N)=O)c3nc2CCl)CC1	C	0.96	1.0	0.3827	0.25	0.3051	1	0.2511	0.1748	4	3	3	0.0769	0.7526	401.89	2.849	True	4
dec_PARP1_0982	PARP1	top_cosine	NCc1cc(CN2CCC(NC(=O)c3nc4c(C(N)=O)cc(F)cc4[nH]3)CC2)cc2[nH]c(=O)c3c(c12)CCCC3	C	0.94	1.5	0.575	0.2268	0.3213	2	0.2653	0.2024	4	3	3	0.0749	0.2498	545.62	2.374	False	5
dec_PARP1_0993	PARP1	top_cosine	CN(CF)C(=O)c1ccc(N2CCN(Cc3ccc4[nH]c(=O)c5c(c4c3)CCCC5)CC2)c(F)c1	C	0.91	0.95	0.5625	0.25	0.3114	1	0.2491	0.2111	4	3	3	0.0737	0.5637	480.56	3.867	True	6
dec_PARP1_1034	PARP1	scaffold_div	NC(=O)c1cccc2[nH]c(-c3ccc(OCP)cc3)nc12	C	0.97	0.96	0.7551	0.2676	0.3056	1	0.2444	0.2130	4	3	3	0.0706	0.7264	299.27	2.54	True	7
dec_PARP1_1038	PARP1	mid_cosine	NC(=O)c1cccc2[nH]c(-c3ccc(OCP)cc3)nc12	C	0.97	0.96	0.7551	0.2676	0.3056	1	0.2444	0.2130	4	3	3	0.0706	0.7264	299.27	2.54	True	8
dec_PARP1_0967	PARP1	top_cosine	CNC(=O)c1cccc2[nH]c(-c3ccc(CN4CC=C(c5nc6c(C(N)=O)cccc6[nH]5)CC4)cc3)nc12	C	0.86	2.17	0.5342	0.2442	0.3357	1	0.2940	0.2102	4	3	3	0.0668	0.2782	505.58	3.854	False	9
dec_PARP1_0969	PARP1	top_cosine	CC(C)(CP)C(=O)N1CC=C(c2nc3c(C(N)=O)cccc3[nH]2)CC1	C	0.94	1.04	0.4848	0.2625	0.3504	1	0.2918	0.2750	4	3	3	0.0636	0.8207	358.38	2.179	True	10
dec_PARP1_1002	PARP1	top_cosine	NC(=O)c1cccc2[nH]c(C(=O)N3CCN(C(=O)CBr)CC3)nc12	C	0.95	1.02	0.6863	0.2958	0.3276	1	0.2794	0.2326	4	3	3	0.0622	0.7315	394.23	0.341	True	11
dec_PARP1_1025	PARP1	scaffold_div	CCNC(=O)c1ccc(N2CCN(Cc3ccc4c(c3)[nH]c(=O)c3ccoc34)CC2)cn1	C	0.97	0.99	0.8507	0.2062	0.3233	4	0.2740	0.2322	4	3	3	0.0618	0.5047	431.5	2.741	True	12
dec_PARP1_0973	PARP1	top_cosine	CC(C)(CBr)OC(=O)N1CC=C(c2nc3c(C(N)=O)cc(F)cc3[nH]2)CC1	C	0.94	0.95	0.4667	0.1798	0.3275	2	0.2832	0.2267	4	3	3	0.0612	0.7149	439.29	3.2	True	13
dec_PARP1_0959	PARP1	top_cosine	CNC(=O)c1ccc(COc2ccc3[nH]c(=O)c4ccccc4c3n2)cc1	C	0.95	0.91	0.4516	0.2289	0.3541	1	0.3071	0.2685	4	3	3	0.0586	0.5487	359.39	3.015	True	14
dec_PARP1_1031	PARP1	scaffold_div	Cc1cc(CN2CCN(c3ccc(C(=O)NCCO)cn3)CC2)cc2[nH]c(=O)c3c(c12)NCCC3	C	0.97	0.88	0.863	0.2083	0.2768	1	0.2265	0.2038	4	3	3	0.0571	0.4277	476.58	1.634	True	15
dec_PARP1_0968	PARP1	top_cosine	CCNC(=O)c1ccc(N2CCN(Cc3ccc4c5c(c(=O)[nH]c4c3)CCCN5)CC2)c(F)n1	C	0.98	0.87	0.7632	0.2234	0.3298	1	0.2901	0.2434	4	3	3	0.0537	0.5027	464.55	2.492	True	16
dec_PARP1_0958	PARP1	top_cosine	O=C(c1cccc(Cc2nnc(O)c3ccccc23)c1)N1CCN(CF)CC1	C	0.98	0.89	0.7544	0.3784	0.3556	1	0.3154	0.2781	4	3	3	0.0514	0.7049	380.42	2.611	True	17
dec_PARP1_0962	PARP1	top_cosine	NCc1cccc2[nH]c(=O)c3c(c12)NCCC3	C	0.99	0.92	0.617	0.2143	0.3414	1	0.3061	0.2554	4	3	3	0.0505	0.6908	229.28	1.345	True	18
dec_PARP1_1001	PARP1	top_cosine	CC(C)(CP)N1CCC(c2nc3c(C(N)=O)cc(F)cc3[nH]2)CC1	C	0.97	0.91	0.5	0.2692	0.3127	2	0.2727	0.2387	4	3	3	0.0502	0.8326	350.38	2.634	True	19
dec_PARP1_1006	PARP1	scaffold_div	O=c1[nH]nc2c3c(cccc13)OC(c1ccccc1)C2c1ncnn1CCl	C	0.98	0.92	0.5075	0.3506	0.3022	2	0.2624	0.2291	4	3	3	0.0498	0.5529	379.81	2.977	True	20
dec_PARP2_1054	PARP2	top_cosine	CCC[C@H]1CN(C(=O)c2cc(Cn3c(=O)[nH]c(=O)c4ccccc43)ccc2F)CCN1CC	C	0.97	0.82	0.8769	0.3976	0.3289	1	0.2791	0.2283	4	3	3	0.0651	0.624	452.53	2.824	True	1
dec_PARP2_1059	PARP2	top_cosine	CCCc1cc2ncc(CN3C[C@H](Oc4ccc(C(=O)NC)nc4)[C@H]3C)cc2[nH]c1=O	C	0.96	0.82	0.8939	0.18	0.3219	1	0.2890	0.2269	4	3	3	0.0515	0.6071	421.5	2.282	True	2
dec_PARP2_1079	PARP2	top_cosine	O=C(NCF)c1ccc(N2CCN(Cc3cnc4cc(C5CC5)c(=O)[nH]c4c3)CC2)cn1	C	0.97	0.81	0.8485	0.2234	0.3070	1	0.2667	0.2293	4	3	3	0.0515	0.5755	436.49	2.175	True	3
dec_PARP2_1086	PARP2	top_cosine	CC(CS)CN1CCN(C(=O)c2cc(Cn3c(=O)[nH]c(=O)c4ccccc43)ccc2F)CC1=O	C	0.98	0.81	0.8696	0.3678	0.3033	1	0.2709	0.2193	4	3	3	0.0479	0.5212	484.55	1.727	True	4
dec_PARP2_1109	PARP2	scaffold_div	CCNC(=O)c1ccc(N2CCN([C@H]3CCN(C(=O)CCc4nc5c(c(=O)[nH]4)COCC5)C3=O)C[C@H]2C)cn1	C	0.9	1.81	0.4082	0.1681	0.2833	1	0.2401	0.2343	4	3	3	0.0450	0.5087	537.62	0.258	False	5
dec_PARP2_1083	PARP2	top_cosine	CC(C)(CF)CN1CCN(C(=O)c2cc(Cn3c(=O)[nH]c(=O)c4ccccc43)ccc2F)CC1=O	C	0.98	0.81	0.8923	0.3765	0.3042	1	0.2738	0.2326	4	3	3	0.0428	0.5802	484.5	2.157	True	6
dec_PARP2_1052	PARP2	top_cosine	CNC(=O)c1cc2ncc(N3CCN(Cc4cnc5cc(CCCP)c(=O)[nH]c5c4)CC3)cc2[nH]c1=O	C	0.82	2.32	0.6301	0.1979	0.3326	1	0.3081	0.2528	4	3	3	0.0411	0.317	519.55	1.649	False	7
dec_PARP2_1090	PARP2	top_cosine	CCC(C)(O)CCN1CCN(C(=O)c2cc(Cn3c(=O)[nH]c(=O)c4ccccc43)ccc2F)CC1=O	C	0.97	0.81	0.8261	0.3636	0.3019	1	0.2764	0.2256	4	3	3	0.0407	0.5168	496.54	1.713	True	8
dec_PARP2_1063	PARP2	top_cosine	CCCc1cc2ncc(CN3CCN(c4ccc(NC(=O)C5CC5)nc4)[C@@H](C)C3)cc2[nH]c1=O	C	0.97	0.83	0.7027	0.2474	0.3195	2	0.3006	0.2338	4	3	3	0.0390	0.5618	460.58	3.33	True	9
dec_PARP2_1082	PARP2	top_cosine	CNC(=O)Cc1cc2ncc(CN3CCN(c4ccc(C(=O)NCP)nc4)CC3)cc2[nH]c1=O	C	0.96	1.02	0.7391	0.1919	0.3043	1	0.2832	0.2235	4	3	3	0.0390	0.4199	481.5	0.491	True	10
dec_PARP2_1096	PARP2	top_cosine	NCc1cc2ncc(CN3CCN(c4ccc(C(=O)NC5CC5)nc4)CC3)cc2[nH]c1=O	C	0.97	0.81	0.8615	0.2105	0.3005	2	0.2760	0.2310	4	3	3	0.0380	0.5302	433.52	0.991	True	11
dec_PARP2_1055	PARP2	top_cosine	CNC(=O)c1ccc(N2CCN(Cc3cnc4cc(CCF)c(=O)[nH]c4c3)C[C@H]2C)cn1	C	0.97	0.82	0.8551	0.2371	0.3281	1	0.3148	0.2454	4	3	3	0.0341	0.6106	438.51	1.9	True	12
dec_PARP2_1094	PARP2	top_cosine	Cc1cc2ncc(N3CCN(Cc4cnc5cc(CCN)c(=O)[nH]c5c4)CC3)cc2[nH]c1=O	C	0.81	2.12	0.6557	0.1778	0.3007	1	0.2868	0.2376	4	3	3	0.0287	0.4228	445.53	1.291	True	13
dec_PARP2_1072	PARP2	top_cosine	CN(CS)Cc1ccc(-c2nc3c(C(N)=O)cccc3[nH]2)s1	C	0.97	0.82	0.5079	0.1196	0.3102	3	0.3132	0.2078	4	3	3	0.0286	0.4966	332.45	2.709	True	14
dec_PARP2_1084	PARP2	top_cosine	CC(CS)COC(=O)N1CCN(C(=O)c2cc(Cn3c(=O)[nH]c(=O)c4ccccc43)ccc2F)CC1	C	0.97	0.81	0.6622	0.3882	0.3038	1	0.2931	0.2376	4	3	3	0.0274	0.4917	514.58	2.338	False	15
dec_PARP2_1092	PARP2	top_cosine	CNC(=O)c1ccc(N2CCN(Cc3cnc4cc(CCS)c(=O)[nH]c4c3)C[C@H]2C)cn1	C	0.97	0.86	0.8551	0.2245	0.3011	1	0.2934	0.2308	4	3	3	0.0265	0.4945	452.58	1.861	True	16
dec_PARP2_1069	PARP2	top_cosine	O=C(c1cc(Cn2c(=O)[nH]c(=O)c3ccccc32)ccc1F)N1CCN(CC(F)F)[C@@H](CO)C1	C	0.98	0.8	0.7681	0.3976	0.3140	1	0.3030	0.2532	4	3	3	0.0260	0.5584	476.46	1.261	True	17
dec_PARP2_1077	PARP2	top_cosine	C[C@H](c1nc2c(C(N)=O)cccc2[nH]1)N1CCN(c2ccc(C(=O)NCP)nc2Cl)CC1	C	0.9	0.93	0.4359	0.1359	0.3094	2	0.3040	0.2360	4	3	3	0.0258	0.3725	473.91	2.156	True	18
dec_PARP2_1047	PARP2	top_cosine	CNC(=O)c1ccc(N2CCN(Cc3cnc4cc(CCP)c(=O)[nH]c4c3)C[C@H]2C)cn1	C	0.95	1.07	0.8551	0.2245	0.3523	1	0.3500	0.2754	4	3	3	0.0247	0.5543	452.5	1.806	True	19
dec_PARP2_1081	PARP2	top_cosine	CNC(=O)c1ccc(N2CCN(Cc3cnc4cc(CCCl)c(=O)[nH]c4c3)C[C@H]2C)cn1	C	0.97	0.82	0.8676	0.2268	0.3060	1	0.3040	0.2303	4	3	3	0.0241	0.5542	454.96	2.17	True	20
dec_PIK3CA_1172	PIK3CA	top_cosine	CC(C)(C)CN1CCN(C(=O)c2ccc(-c3ncnc(CCP)c3C#Cc3ccc(N)nc3)cc2Cl)CC1	C	0.87	2.84	0.7237	0.1504	0.2770	1	0.1478	0.1124	6	6	6	0.1398	0.3756	549.06	4.396	False	1
dec_PIK3CA_1169	PIK3CA	top_cosine	NCCc1ncnc(-c2ccc(C(=O)N3CCC(N4CCOCC4)CC3)c(Cl)c2)c1C#Cc1ccc(N)nc1	C	0.88	2.15	0.8553	0.1379	0.2762	1	0.1568	0.1258	6	6	6	0.1287	0.4689	546.08	2.612	False	2
dec_PIK3CA_1178	PIK3CA	scaffold_div	CCCc1ncnc(-c2ccc(C(=O)N3CCC(N4CCCCC4=O)CC3)c(F)c2)c1C#Cc1ccc(N)nc1	C	0.9	1.98	0.7317	0.1624	0.2698	1	0.1572	0.1243	6	6	6	0.1225	0.4859	540.64	4.229	False	3
dec_PIK3CA_1155	PIK3CA	top_cosine	COCCN1CCN(C(=O)c2ccc(-c3ncnc(CCP)c3C#Cc3ccc(N)nc3)cc2F)CC1	C	0.87	2.94	0.8533	0.1379	0.2871	1	0.1764	0.1410	6	6	6	0.1213	0.3777	520.55	2.481	False	4
dec_PIK3CA_1161	PIK3CA	top_cosine	COCCOc1ccc(C(=O)N2CCN(c3ncnc(CCS)c3C#Cc3ccc(N)nc3)CC2)cc1	C	0.86	2.68	0.6479	0.1171	0.2798	1	0.1775	0.1362	6	6	6	0.1147	0.2659	518.64	2.313	False	5
dec_PIK3CA_1158	PIK3CA	top_cosine	CCCc1ncnc(-c2ccc(C(=O)N3CCN(CCS(C)(=O)=O)CC3)c(C)c2)c1C#Cc1ccc(N)nc1	C	0.89	1.98	0.7632	0.1504	0.2821	1	0.1869	0.1370	6	6	6	0.1102	0.4489	546.7	2.584	False	6
dec_PIK3CA_1156	PIK3CA	top_cosine	CC(=O)N1CCN(c2ncnc(CCO)c2C#Cc2ccc(N)nc2)CC1	C	0.91	1.83	0.8182	0.1429	0.2837	1	0.1900	0.1370	6	6	6	0.1096	0.7394	366.43	0.057	True	7
dec_PIK3CA_1147	PIK3CA	top_cosine	Cc1nc(N)nc2c1cc(-c1ccc(OCN)nc1)c(=O)n2C1CCCC1	C	0.98	0.86	0.8276	0.2105	0.2916	1	0.1923	0.1591	6	6	6	0.1093	0.6784	366.43	2.154	True	8
dec_PIK3CA_1157	PIK3CA	top_cosine	CCCc1ncnc(-c2cc(F)c(C(=O)N3CCN(CCC(C)(C)O)CC3)c(F)c2)c1C#Cc1ccc(N)nc1	C	0.89	1.94	0.7703	0.1607	0.2829	1	0.1866	0.1439	6	6	6	0.1091	0.4339	548.64	3.67	False	9
dec_PIK3CA_1205	PIK3CA	mid_cosine	NCCc1ncnc(-c2cc(F)c(C(=O)N3CCC(N4CCN(C5COC5)CC4)CC3)c(Cl)c2)c1C#Cc1ccc(N)nc1	C	0.89	2.21	0.8125	0.1441	0.2533	1	0.1572	0.1233	6	6	6	0.1063	0.4006	619.15	2.435	False	10
dec_PIK3CA_1150	PIK3CA	top_cosine	CCNc1ncc(-c2cc3c(C)nc(N)nc3n(C3CCCC3)c2=O)cn1	C	0.98	0.85	0.7119	0.2021	0.2831	1	0.1848	0.1604	6	6	6	0.1056	0.7308	365.44	2.686	True	11
dec_PIK3CA_1133	PIK3CA	top_cosine	NCCc1ncnc(N2CCN(C(=O)C3CC3)CC2)c1C#Cc1ccc(N)nc1	C	0.91	1.93	0.8103	0.14	0.2960	1	0.2071	0.1527	6	6	6	0.1052	0.7258	391.48	0.413	True	12
dec_PIK3CA_1141	PIK3CA	top_cosine	CCOc1ncc(-c2cc3c(C)nc(N)nc3n(C3CCCC3)c2=O)cn1	C	0.98	0.85	0.8182	0.1915	0.2889	1	0.1957	0.1664	6	6	6	0.1020	0.7557	366.43	2.653	True	13
dec_PIK3CA_1175	PIK3CA	scaffold_div	NCCc1ncnc(-c2ccc(C(=O)N3CCCCC3)c(OC(F)(F)F)c2)c1C#Cc1ccc(N)nc1	C	0.92	1.95	0.7403	0.1636	0.2711	1	0.1865	0.1431	6	6	6	0.0976	0.5039	510.52	3.547	False	14
dec_PIK3CA_1164	PIK3CA	top_cosine	O=C(COCS)Nc1ccc(-c2nc(N3CC4CCC(C3)O4)c3cnn(C4CCN(C(=O)c5cccnc5)CC4)c3n2)cc1	C	0.96	1.21	0.6591	0.1417	0.2781	1	0.2154	0.1164	6	6	6	0.0924	0.2262	614.73	3.576	False	15
dec_PIK3CA_1166	PIK3CA	top_cosine	O=C(NCF)Nc1ccc(-c2nc(N3CC4CCC(C3)O4)c3cnn(C4CCCCC4)c3n2)cc1	C	0.98	1.03	0.7105	0.1619	0.2822	1	0.2167	0.1360	6	6	6	0.0897	0.5262	479.56	4.415	True	16
dec_PIK3CA_1168	PIK3CA	top_cosine	Cc1nc(N)nc2c1cc(-c1cnc(OCN)nc1)c(=O)n2[C@H]1CC[C@H](O)CC1	C	0.99	0.84	0.8276	0.1856	0.2774	1	0.2006	0.1623	6	6	6	0.0883	0.5446	397.44	0.91	True	17
dec_PIK3CA_1128	PIK3CA	top_cosine	O=C(NCP)Nc1ccc(-c2nc(N3CC4CCC(C3)O4)c3cnn(CC(F)(F)F)c3n2)cc1	C	0.95	1.42	0.8529	0.1714	0.3231	1	0.2701	0.1624	6	6	6	0.0853	0.5294	493.43	3.377	True	18
dec_PIK3CA_1145	PIK3CA	top_cosine	CCc1nc(N)nc2c1cc(-c1cn[nH]c1)c(=O)n2C1CCCC1	C	0.95	1.54	0.7368	0.1429	0.2858	1	0.2160	0.1708	6	6	6	0.0834	0.7701	324.39	2.441	True	19
dec_PIK3CA_1142	PIK3CA	top_cosine	NCc1ncnc(N2CCC(S(=O)(=O)CC3CC3)CC2)c1C#Cc1ccc(N)nc1	C	0.94	1.66	0.5846	0.1165	0.2908	1	0.2291	0.1637	6	6	6	0.0813	0.6805	426.55	1.106	True	20
